,avgTemperature,snowCoverCount
0,5.144444444444445,0
1,7.71,0
2,9.206666666666667,0
3,6.67,0
4,4.346666666666666,0
5,3.8333333333333335,0
6,5.526666666666667,0
7,5.623333333333333,0
8,7.576666666666667,0
9,10.58,0
10,11.623333333333337,0
11,9.753333333333334,0
12,7.583333333333335,0
13,9.173333333333334,0
14,6.6,0
15,4.923333333333334,0
16,4.8100000000000005,0
17,3.8518518518518516,0
18,4.8500000000000005,0
19,7.3730769230769235,0
20,5.113333333333332,0
21,3.61,0
22,6.116666666666666,0
23,5.076666666666666,0
24,9.553333333333335,0
25,3.7366666666666677,0
26,5.83,0
27,0.26666666666666666,0
28,-1.09,1041
29,-0.9166666666666666,483
30,-1.9600000000000004,1092
31,-1.7233333333333334,457
32,-4.35,0
33,-4.336666666666667,457
34,-5.4833333333333325,559
35,0.25517241379310335,305
36,1.2400000000000007,406
37,0.43333333333333296,0
38,-3.3533333333333335,178
39,-2.4466666666666668,0
40,-2.7966666666666673,0
41,0.9666666666666663,0
42,-1.0366666666666668,0
43,1.8633333333333333,0
44,-1.0699999999999998,0
45,2.9066666666666663,51
46,-1.8700000000000006,8
47,1.2366666666666666,0
48,0.3333333333333334,0
49,-8.833333333333332,279
50,0.7566666666666666,25
51,0.4666666666666667,127
52,0.5400000000000001,0
53,-0.32758620689655155,152
54,-2.816666666666667,0
55,-2.5266666666666664,203
56,-2.463333333333334,330
57,-7.161538461538461,889
58,-3.0655172413793106,229
59,-6.257692307692306,381
60,-6.076666666666667,1245
61,-4.569999999999999,0
62,1.0500000000000003,0
63,-2.9666666666666663,305
64,-1.1833333333333333,25
65,-1.6733333333333331,25
66,0.7400000000000003,25
67,-0.18333333333333343,152
68,0.7000000000000001,0
69,-6.9333333333333345,457
70,0.016666666666666594,76
71,0.09333333333333324,305
72,-0.08666666666666663,76
73,-0.2033333333333335,102
74,-3.22,76
75,-1.3633333333333335,279
76,-2.01,381
77,-4.2299999999999995,102
78,0.9066666666666667,0
79,1.5600000000000003,152
80,0.6200000000000004,0
81,-2.2200000000000006,0
82,1.982142857142857,0
83,0.925,0
84,1.4566666666666666,122
85,-4.77,76
86,0.020000000000000077,0
87,-1.8099999999999998,0
88,-12.879999999999999,356
89,-1.1933333333333331,152
90,-0.9833333333333333,51
91,-2.0533333333333332,203
92,-4.39,25
93,-4.666666666666667,381
94,-4.41,356
95,1.096666666666667,0
96,-8.203333333333335,330
97,0.18333333333333326,127
98,0.23793103448275857,229
99,2.3933333333333335,8
100,-0.006666666666666821,0
101,4.129999999999999,53
102,-0.7066666666666668,3
103,2.043333333333333,0
104,1.26,0
105,-6.249999999999999,305
106,1.6733333333333331,25
107,1.556666666666667,254
108,1.0000000000000002,0
109,0.7766666666666662,229
110,-2.0333333333333328,0
111,-1.4233333333333333,152
112,-1.3066666666666664,406
113,-1.0133333333333334,0
114,2.5964285714285715,0
115,-2.1533333333333333,0
116,0.9166666666666667,0
117,0.5599999999999998,0
118,-8.513333333333332,381
119,0.5399999999999999,25
120,0.10333333333333332,203
121,-3.1758620689655177,0
122,-2.596666666666667,51
123,-2.125,0
124,1.0299999999999998,51
125,-4.075862068965518,0
126,-1.1285714285714283,0
127,-10.0,305
128,-3.582758620689655,76
129,-2.9653846153846164,127
130,-2.0533333333333332,0
131,-1.086666666666667,152
132,-1.13,0
133,-8.536666666666667,1067
134,-1.216666666666667,813
135,-1.1833333333333333,610
136,-1.8133333333333332,1016
137,-1.8933333333333333,406
138,-4.3100000000000005,686
139,-3.6933333333333334,660
140,-3.546666666666666,1168
141,-5.789999999999998,533
142,0.3799999999999999,51
143,1.4100000000000006,381
144,0.30333333333333307,0
145,-4.22,102
146,-1.97,0
147,-3.1300000000000003,0
148,0.4699999999999998,0
149,-2.340000000000001,0
150,0.3066666666666669,0
151,0.9300000000000002,0
152,-2.0733333333333333,0
153,2.173333333333333,76
154,-3.7933333333333326,5
155,0.7966666666666666,0
156,-0.6900000000000001,0
157,-10.73,0
158,-0.8666666666666666,0
159,-0.4733333333333331,102
160,-0.4733333333333333,0
161,-1.04,102
162,-3.7800000000000007,0
163,-3.6266666666666674,51
164,-3.486666666666667,100
165,8.789999999999997,0
166,7.693333333333333,0
167,5.626666666666667,0
168,7.606666666666667,0
169,6.646666666666665,0
170,11.263333333333334,0
171,9.2,0
172,9.113333333333333,0
173,9.780000000000001,0
174,11.443333333333332,0
175,12.386666666666667,0
176,11.096666666666668,0
177,8.683333333333334,0
178,9.126666666666669,0
179,11.126666666666667,0
180,11.76,0
181,8.723333333333334,0
182,8.333333333333334,0
183,7.87,0
184,5.2333333333333325,0
185,6.050000000000001,0
186,5.476666666666668,0
187,9.410000000000002,0
188,8.646666666666668,0
189,9.373333333333333,0
190,8.756666666666668,0
191,10.699999999999998,0
192,5.8966666666666665,0
193,12.603333333333335,0
194,11.26,0
195,9.103333333333333,0
196,9.373333333333333,0
197,10.129999999999999,0
198,10.330000000000002,0
199,12.360000000000005,0
200,11.216666666666663,0
201,10.793333333333331,0
202,8.580000000000002,0
203,6.807407407407407,0
204,6.733333333333334,0
205,4.383333333333335,0
206,6.055172413793104,0
207,4.843333333333335,0
208,9.316666666666666,0
209,6.710714285714287,0
210,6.534615384615388,0
211,6.138461538461538,0
212,9.026666666666667,0
213,10.109999999999998,0
214,9.443333333333335,0
215,11.42333333333333,0
216,10.886666666666667,0
217,10.176666666666666,0
218,8.193333333333337,0
219,5.429999999999999,0
220,5.126666666666666,0
221,2.4633333333333325,0
222,4.719999999999999,0
223,4.453333333333331,0
224,7.42,0
225,5.753333333333335,0
226,5.283333333333333,0
227,4.08,0
228,4.87,0
229,2.6300000000000003,0
230,8.819999999999999,0
231,6.126666666666667,0
232,5.5933333333333355,0
233,6.5399999999999965,0
234,5.196666666666667,0
235,5.243333333333334,0
236,6.586666666666667,0
237,5.8,0
238,3.6799999999999993,0
239,5.910000000000001,0
240,12.000000000000002,0
241,9.853333333333332,0
242,8.436666666666666,0
243,12.006666666666664,0
244,12.473333333333331,0
245,14.206666666666669,0
246,12.716666666666667,0
247,9.506666666666666,0
248,8.33,0
249,7.270000000000001,0
250,4.943333333333333,0
251,6.406666666666666,0
252,5.420000000000002,0
253,9.71,0
254,7.9866666666666655,0
255,7.4633333333333365,0
256,6.609999999999999,0
257,8.263333333333332,0
258,4.48,0
259,10.186666666666671,0
260,8.57333333333333,0
261,8.116666666666667,0
262,8.143333333333336,0
263,8.890000000000002,0
264,8.979999999999999,0
265,10.003333333333332,0
266,8.91333333333333,0
267,5.403333333333333,0
268,4.436666666666667,0
269,6.644827586206896,0
270,10.773333333333333,0
271,8.816666666666666,0
272,6.448275862068965,0
273,12.060714285714287,0
274,8.893103448275864,0
275,8.753571428571425,0
276,7.22142857142857,0
277,9.393333333333334,0
278,9.253571428571428,0
279,5.433333333333334,0
280,6.053333333333333,0
281,8.8,0
282,8.770000000000001,0
283,8.66,0
284,6.636666666666667,0
285,7.616666666666668,0
286,6.736666666666668,0
287,10.66333333333333,0
288,9.513333333333332,0
289,9.18,0
290,8.163333333333332,0
291,9.940000000000003,0
292,5.6689655172413795,0
293,11.773333333333332,0
294,10.843333333333335,0
295,8.98333333333333,0
296,9.206666666666667,0
297,10.366666666666665,0
298,9.52,0
299,11.763333333333334,0
300,10.906666666666668,0
301,10.456666666666665,0
302,8.226666666666668,0
303,9.716666666666667,0
304,11.79,0
305,11.386666666666667,0
306,9.756666666666666,0
307,11.023333333333335,0
308,11.560000000000002,0
309,12.069999999999997,0
310,11.38333333333333,0
311,9.669999999999996,0
312,10.073333333333334,0
313,8.383333333333331,0
314,12.57,0
315,11.403333333333334,0
316,11.423333333333334,0
317,10.313333333333336,0
318,12.279999999999996,0
319,13.3,0
320,11.463333333333331,0
321,10.93666666666667,0
322,9.35,0
323,9.953333333333331,0
324,8.51666666666667,0
325,13.590000000000003,0
326,11.483333333333333,0
327,11.933333333333334,0
328,8.666666666666666,51
329,4.500000000000001,0
330,5.413333333333336,0
331,4.079999999999999,0
332,8.90333333333333,0
333,3.9233333333333325,0
334,4.496666666666666,0
335,5.663333333333333,0
336,8.873333333333333,0
337,8.756666666666664,0
338,5.393333333333333,0
339,8.969999999999997,0
340,5.410000000000002,0
341,8.983333333333333,0
342,8.576666666666664,51
343,7.716666666666668,0
344,6.2,0
345,7.3900000000000015,0
346,5.259999999999999,0
347,7.9766666666666675,0
348,6.783333333333332,0
349,8.486666666666668,0
350,5.966666666666667,218
351,4.359999999999999,0
352,6.663333333333333,0
353,4.15,0
354,4.969999999999999,0
355,3.17,0
356,8.596666666666668,0
357,3.1833333333333327,0
358,4.743333333333333,0
359,5.096666666666667,0
360,7.340000000000001,0
361,6.710000000000002,0
362,4.226666666666667,0
363,6.683333333333333,0
364,3.863333333333333,0
365,7.463333333333333,0
366,8.260000000000002,25
367,6.699999999999998,0
368,6.63,0
369,4.463333333333333,0
370,6.636666666666666,0
371,5.256666666666669,0
372,8.133333333333333,0
373,3.846666666666667,229
374,3.789999999999999,0
375,2.8896551724137924,0
376,5.437931034482758,0
377,5.476666666666668,0
378,4.119999999999999,0
379,2.3499999999999996,0
380,5.986666666666667,0
381,6.250000000000001,0
382,7.9896551724137925,0
383,6.67,0
384,3.8733333333333344,0
385,8.726666666666665,0
386,6.836666666666665,0
387,4.779310344827587,0
388,6.233333333333332,0
389,6.268965517241381,0
390,7.260000000000001,0
391,5.776666666666667,0
392,7.4066666666666645,0
393,4.870000000000001,0
394,6.2266666666666675,0
395,5.116666666666664,0
396,7.050000000000001,0
397,5.613333333333332,0
398,4.321428571428572,0
399,8.415384615384617,0
400,8.609999999999998,0
401,8.870000000000001,0
402,7.856666666666667,0
403,4.8,0
404,9.717857142857143,0
405,7.496551724137932,0
406,7.016666666666668,0
407,8.485714285714284,0
408,6.8866666666666685,0
409,8.790000000000001,0
410,6.520000000000001,0
411,6.83333333333333,0
412,4.203333333333333,0
413,6.3833333333333355,0
414,5.383333333333334,0
415,4.053333333333333,0
416,3.5366666666666666,0
417,7.486666666666666,0
418,7.05,0
419,8.55,0
420,6.0133333333333345,0
421,10.389999999999997,0
422,-2.8266666666666667,25
423,-5.400000000000001,0
424,-6.340000000000001,51
425,-7.240000000000001,0
426,-6.031034482758621,0
427,-3.0933333333333333,0
428,-5.113333333333332,0
429,-5.348275862068967,51
430,-2.866666666666667,0
431,-8.0448275862069,0
432,-4.182758620689655,0
433,-4.217241379310345,0
434,-5.023076923076923,0
435,-3.5923076923076924,0
436,-2.2428571428571433,0
437,-3.68,203
438,-3.7733333333333334,76
439,-2.4766666666666666,25
440,-2.546666666666667,102
441,-3.8866666666666663,0
442,-3.893333333333335,76
443,-2.836666666666667,51
444,-3.4266666666666667,0
445,-3.623333333333333,25
446,-5.982758620689657,0
447,-6.15,152
448,-7.313333333333334,127
449,-4.611111111111111,0
450,-3.736666666666667,0
451,-6.0321428571428575,0
452,-1.0633333333333332,0
453,-7.6,0
454,-3.051724137931035,0
455,-5.0793103448275865,0
456,-3.9299999999999997,51
457,0.4000000000000003,76
458,-0.8866666666666667,0
459,-5.456666666666666,0
460,-1.5666666666666664,0
461,-2.64,0
462,-2.926666666666667,0
463,-2.576666666666667,0
464,-0.6066666666666667,0
465,-3.3964285714285722,381
466,-1.8035714285714286,76
467,-2.48,51
468,-3.8399999999999994,0
469,-2.5833333333333335,0
470,-2.5466666666666673,51
471,-2.903333333333333,0
472,-0.30666666666666664,51
473,-1.0733333333333335,0
474,-5.326666666666667,0
475,-7.836666666666665,0
476,-5.5666666666666655,0
477,-6.943333333333333,0
478,-8.306666666666665,76
479,-6.536666666666668,0
480,-6.036666666666665,127
481,-11.19,0
482,-6.790000000000002,0
483,-8.633333333333331,0
484,-7.96896551724138,0
485,-6.186666666666667,0
486,-5.683333333333334,0
487,-5.823333333333334,356
488,-6.77,127
489,-5.3133333333333335,0
490,-6.143333333333334,102
491,-7.763333333333334,0
492,-7.239999999999999,330
493,-5.973333333333334,76
494,-5.913333333333335,0
495,-2.0900000000000003,356
496,-0.9699999999999995,127
497,-0.3833333333333332,152
498,-3.316666666666667,0
499,-2.6333333333333346,381
500,-1.2966666666666669,0
501,-5.5233333333333325,0
502,-4.303333333333333,102
503,-8.7,76
504,-5.7666666666666675,0
505,-3.582758620689656,0
506,-5.500000000000001,0
507,-7.073333333333332,76
508,-0.8862068965517241,51
509,0.1833333333333336,0
510,-7.366666666666669,0
511,-0.21333333333333288,25
512,-4.246428571428571,0
513,-2.3333333333333335,76
514,-1.5199999999999998,0
515,-1.110344827586207,457
516,-1.3866666666666665,51
517,-1.5866666666666667,0
518,-1.2399999999999998,152
519,-3.046666666666667,0
520,-4.293333333333334,254
521,-1.1833333333333333,51
522,-2.39,0
523,-1.293333333333333,0
524,-3.72,0
525,-4.703333333333333,76
526,-4.869999999999999,76
527,-3.8733333333333335,0
528,-1.7689655172413792,0
529,-3.916666666666667,0
530,-4.633333333333331,76
531,-2.886666666666667,76
532,-0.9999999999999998,0
533,-7.41,0
534,-2.1333333333333333,0
535,-4.703333333333333,0
536,-2.4633333333333334,0
537,-1.5965517241379312,0
538,-1.9310344827586208,356
539,-1.5620689655172413,25
540,-1.8299999999999998,76
541,-3.9999999999999996,0
542,-2.4633333333333334,102
543,-1.1586206896551723,76
544,-2.016666666666667,0
545,-3.393333333333334,0
546,-6.163333333333332,0
547,-6.62,0
548,-1.6076923076923078,0
549,1.4399999999999997,0
550,-6.244827586206898,51
551,-1.5655172413793106,0
552,-3.2033333333333336,0
553,-3.024137931034483,0
554,-2.7933333333333334,0
555,-1.1600000000000001,0
556,-1.6466666666666667,279
557,-1.663333333333333,58
558,-1.096666666666667,0
559,-2.78,0
560,-2.8733333333333335,152
561,-1.3366666666666667,76
562,-2.45,0
563,-1.7733333333333332,51
564,-4.933333333333333,0
565,-5.093333333333334,0
566,-6.13103448275862,0
567,-4.036666666666667,0
568,-2.4300000000000006,0
569,-3.4866666666666664,0
570,-3.949999999999999,25
571,0.3241379310344828,51
572,-0.020000000000000004,0
573,-6.760000000000001,30
574,-2.28,0
575,-2.3366666666666664,0
576,-3.306666666666667,0
577,-2.42,0
578,-1.4966666666666666,0
579,-2.0733333333333333,432
580,-2.25,51
581,-1.2733333333333332,0
582,-2.734615384615385,152
583,-3.1533333333333333,0
584,-1.6766666666666667,76
585,-1.3666666666666665,56
586,-2.3241379310344823,0
587,-3.3899999999999997,51
588,2.1275862068965514,0
589,-6.476666666666666,25
590,0.4766666666666666,0
591,-1.9166666666666659,0
592,-2.98,0
593,-1.35,0
594,0.12999999999999992,0
595,-0.8699999999999998,508
596,-1.3366666666666667,178
597,0.3266666666666661,25
598,-0.2200000000000003,203
599,-1.9966666666666666,0
600,-1.8333333333333335,229
601,0.8366666666666668,76
602,-1.0740740740740742,0
603,-3.22,51
604,-5.773333333333335,0
605,-6.963333333333336,102
606,-7.853333333333334,25
607,-4.340000000000001,0
608,-2.5633333333333335,0
609,-3.816666666666667,0
610,-5.083333333333334,51
611,-1.5599999999999996,76
612,-2.086666666666667,0
613,-7.506666666666665,51
614,-3.523333333333334,0
615,-4.286666666666666,0
616,-4.703333333333334,0
617,-4.069999999999999,25
618,-3.263333333333334,0
619,-3.4133333333333336,330
620,-3.5333333333333337,127
621,-2.8100000000000005,25
622,-3.4766666666666675,152
623,-5.4333333333333345,229
624,-4.136666666666667,51
625,-3.8133333333333335,0
626,-2.6033333333333335,0
627,-4.77,0
628,-3.2800000000000002,381
629,-2.686666666666667,188
630,-1.7966666666666669,25
631,-1.7666666666666668,76
632,-4.46,0
633,-3.9866666666666664,76
634,-1.9200000000000002,51
635,-2.8633333333333324,0
636,-0.9833333333333335,25
637,-5.150000000000001,0
638,-5.596666666666667,51
639,-5.813333333333333,51
640,-3.6899999999999995,0
641,-2.2300000000000013,0
642,-3.7533333333333347,0
643,-4.46,51
644,-1.0366666666666662,76
645,-1.1333333333333335,0
646,-7.296666666666669,0
647,-2.093333333333333,0
648,-4.303333333333332,0
649,-5.14,0
650,-3.516666666666666,0
651,-2.796666666666667,0
652,-2.833333333333333,381
653,-2.8699999999999997,76
654,-2.203333333333333,0
655,-1.8666666666666667,127
656,-4.09,0
657,-3.5666666666666673,102
658,-2.3066666666666666,30
659,-3.25,0
660,-7.723333333333334,30
661,-3.4033333333333333,25
662,-2.3733333333333335,0
663,-3.0833333333333335,360
664,-1.416666666666667,0
665,-1.8066666666666669,100
666,-1.7642857142857145,0
667,-2.0464285714285713,0
668,-0.7966666666666664,127
669,-2.0999999999999996,0
670,0.7966666666666659,0
671,-1.5933333333333333,0
672,-0.9533333333333334,0
673,-0.05000000000000009,0
674,1.9100000000000001,0
675,0.13999999999999993,0
676,1.6241379310344823,0
677,0.9699999999999995,0
678,1.103333333333333,0
679,2.3466666666666667,0
680,-1.3133333333333337,127
681,-0.5400000000000001,102
682,2.5300000000000002,51
683,-1.1842378929335003e-16,0
684,1.646666666666667,0
685,-0.2666666666666667,0
686,-1.81,0
687,1.2966666666666662,0
688,1.576666666666667,0
689,0.7166666666666669,0
690,-1.2766666666666668,25
691,2.1500000000000012,0
692,-1.3399999999999999,254
693,0.46,0
694,1.733333333333333,0
695,0.2233333333333335,102
696,1.763333333333333,0
697,2.076666666666666,0
698,2.0433333333333334,0
699,-0.16000000000000011,0
700,2.3466666666666662,0
701,-7.250000000000001,0
702,-0.7533333333333336,0
703,-1.3185185185185182,0
704,4.050000000000001,0
705,3.98,0
706,4.863333333333333,0
707,3.3499999999999996,0
708,6.146666666666665,0
709,2.296666666666666,0
710,1.706666666666667,0
711,3.8766666666666665,0
712,3.2366666666666672,0
713,5.996666666666666,0
714,2.546666666666667,0
715,5.1933333333333325,0
716,3.4566666666666657,0
717,7.046666666666667,0
718,5.406666666666665,0
719,6.336666666666665,0
720,3.7933333333333326,0
721,4.106666666666666,0
722,6.336666666666669,102
723,3.0766666666666675,0
724,6.423333333333333,0
725,9.166666666666666,0
726,7.436666666666667,0
727,9.153333333333336,0
728,10.160000000000002,0
729,8.516666666666664,0
730,5.930000000000001,0
731,4.949999999999999,0
732,4.593333333333335,0
733,7.596666666666668,0
734,5.679999999999999,0
735,9.480000000000002,0
736,7.270000000000001,0
737,5.496666666666667,0
738,11.016666666666667,0
739,7.839999999999999,0
740,12.079999999999997,0
741,6.073333333333335,0
742,10.806666666666668,0
743,8.463333333333333,0
744,2.4099999999999993,0
745,3.9266666666666654,0
746,4.073333333333334,0
747,7.846666666666666,0
748,7.643333333333333,0
749,5.6533333333333315,0
750,8.169999999999998,0
751,3.923333333333334,0
752,6.873333333333332,0
753,7.053333333333336,0
754,6.276666666666667,0
755,5.356666666666666,0
756,4.183333333333333,0
757,3.033333333333334,0
758,6.0066666666666695,0
759,4.293333333333335,0
760,7.633333333333332,0
761,3.02,0
762,2.610714285714285,0
763,4.8100000000000005,0
764,3.6400000000000006,0
765,7.0166666666666675,0
766,4.86,0
767,6.166666666666668,0
768,6.370000000000001,0
769,9.143333333333334,0
770,2.8599999999999994,0
771,5.716666666666667,0
772,4.220000000000001,0
773,6.026666666666666,0
774,9.426666666666666,0
775,7.190000000000001,0
776,6.583333333333332,0
777,5.706666666666664,0
778,4.650000000000001,0
779,6.5266666666666655,0
780,7.01,33
781,7.3966666666666665,0
782,5.613333333333332,0
783,4.703333333333335,0
784,3.670000000000001,0
785,19.966666666666672,0
786,20.503333333333337,0
787,20.328571428571433,0
788,19.459999999999997,0
789,21.913333333333338,0
790,20.57333333333333,0
791,20.73,0
792,18.85333333333334,0
793,20.08,0
794,18.743333333333332,0
795,20.73,0
796,20.643333333333334,0
797,19.61,0
798,20.763333333333332,0
799,20.133333333333333,0
800,21.05666666666667,0
801,20.636666666666663,0
802,19.643333333333327,0
803,19.634615384615383,0
804,20.806896551724133,0
805,19.131034482758615,0
806,19.11666666666666,0
807,21.93666666666667,0
808,21.24444444444445,0
809,20.65,0
810,22.20666666666668,0
811,21.676666666666673,0
812,21.786206896551715,0
813,20.843333333333337,0
814,22.07666666666667,0
815,23.11,0
816,21.641379310344835,0
817,22.270000000000007,0
818,21.62758620689655,0
819,21.426666666666673,0
820,22.053571428571427,0
821,21.613333333333333,0
822,22.200000000000006,0
823,21.926666666666673,0
824,21.613333333333337,0
825,21.813333333333336,0
826,22.699999999999996,0
827,21.796666666666678,0
828,20.328571428571426,0
829,19.91724137931035,0
830,20.880000000000003,0
831,19.970000000000002,0
832,19.562068965517245,0
833,20.37777777777778,0
834,20.059259259259257,0
835,20.35172413793104,0
836,18.848275862068967,0
837,20.016666666666662,0
838,19.655172413793103,0
839,20.079310344827576,0
840,19.839285714285715,0
841,19.914814814814818,0
842,20.046428571428574,0
843,19.94666666666667,0
844,20.275862068965516,0
845,20.275862068965516,0
846,19.40333333333333,0
847,19.489999999999995,0
848,20.47777777777778,0
849,19.31666666666667,0
850,20.10666666666667,0
851,20.37,0
852,20.975,0
853,17.220000000000006,0
854,18.31333333333333,0
855,17.3,0
856,18.310000000000002,0
857,17.97666666666667,0
858,18.06,0
859,18.536666666666665,0
860,19.2,0
861,19.333333333333336,0
862,18.053333333333335,0
863,20.700000000000003,0
864,21.503333333333337,0
865,20.468965517241376,0
866,21.65333333333334,0
867,22.243333333333336,0
868,21.535714285714278,0
869,20.88,0
870,23.379999999999992,0
871,21.819999999999997,0
872,22.35172413793103,0
873,20.213333333333335,0
874,21.790000000000003,0
875,21.241379310344833,0
876,22.106666666666666,0
877,20.69333333333333,0
878,21.37307692307693,0
879,21.31,0
880,20.462962962962965,0
881,21.72666666666667,0
882,21.19333333333333,0
883,20.373333333333335,0
884,20.710714285714285,0
885,22.618518518518524,0
886,21.200000000000003,0
887,22.293333333333337,0
888,20.31333333333334,0
889,19.839999999999993,0
890,22.70333333333334,0
891,21.003333333333337,0
892,21.280000000000005,0
893,20.096666666666675,0
894,21.48666666666667,0
895,20.573333333333334,0
896,21.91666666666667,0
897,20.930000000000007,0
898,21.829999999999995,0
899,20.70666666666667,0
900,21.807142857142857,0
901,20.696428571428573,0
902,20.599999999999998,0
903,21.307142857142857,0
904,22.333333333333336,0
905,21.516666666666666,0
906,20.17666666666667,0
907,22.280000000000005,0
908,20.706666666666674,0
909,19.83333333333333,0
910,21.836666666666677,0
911,21.063333333333333,0
912,21.18,0
913,23.979999999999997,0
914,22.809999999999995,0
915,22.646666666666665,0
916,24.156666666666652,0
917,22.459999999999997,0
918,22.203333333333326,0
919,21.66000000000001,0
920,22.49666666666667,0
921,21.803333333333335,0
922,22.063333333333336,0
923,23.029999999999994,0
924,22.863333333333337,0
925,22.633333333333333,0
926,22.806896551724133,0
927,21.200000000000003,0
928,22.566666666666666,0
929,21.096666666666668,0
930,20.85666666666667,0
931,23.82333333333332,0
932,22.72666666666667,0
933,21.96,0
934,20.756666666666668,0
935,21.393333333333338,0
936,21.223333333333336,0
937,20.713333333333335,0
938,19.276666666666674,0
939,18.96666666666666,0
940,-1.5399999999999998,178
941,-2.006666666666666,0
942,-2.7966666666666664,254
943,-4.92,0
944,-4.710344827586207,178
945,-0.05999999999999999,0
946,0.02857142857142858,178
947,0.5107142857142858,0
948,-0.020689655172413734,0
949,-2.9833333333333334,0
950,-0.11000000000000008,0
951,-0.15999999999999998,254
952,-1.2566666666666666,25
953,-2.9666666666666672,152
954,-6.02,0
955,-5.003333333333333,0
956,1.836666666666667,0
957,0.05999999999999991,178
958,0.11333333333333323,0
959,0.7633333333333334,211
960,2.9233333333333347,0
961,-4.180000000000001,102
962,0.7899999999999996,51
963,-0.7133333333333332,25
964,-2.3466666666666662,46
965,-0.9266666666666666,0
966,-1.9766666666666666,0
967,0.7433333333333333,0
968,-1.1666666666666667,76
969,1.2600000000000007,508
970,-1.39,76
971,-2.253333333333333,76
972,0.7833333333333337,25
973,-0.9600000000000002,25
974,1.4466666666666665,102
975,-0.36428571428571416,0
976,-0.92,0
977,-6.069999999999998,0
978,1.1214285714285717,0
979,-0.9666666666666665,0
980,-0.85,152
981,-1.11,0
982,-2.3,0
983,-6.689999999999999,0
984,-4.073333333333333,0
985,2.0433333333333334,0
986,0.1699999999999999,102
987,1.0266666666666666,0
988,2.2133333333333334,155
989,2.6166666666666663,0
990,-3.6100000000000003,0
991,1.6133333333333333,0
992,-0.37000000000000005,0
993,-1.5533333333333337,0
994,-0.6100000000000001,0
995,-1.3900000000000001,0
996,1.71,0
997,-0.4466666666666667,0
998,2.046666666666667,102
999,0.25333333333333324,25
1000,-0.3866666666666669,0
1001,-0.6066666666666669,0
1002,2.056666666666666,13
1003,-0.4233333333333333,0
1004,-1.4965517241379307,127
1005,3.32,0
1006,-0.9833333333333333,102
1007,2.0103448275862075,0
1008,3.2962962962962963,0
1009,-0.1966666666666674,0
1010,3.2366666666666672,0
1011,2.5066666666666664,10
1012,2.4099999999999997,0
1013,0.06333333333333334,0
1014,0.4433333333333332,0
1015,3.036666666666666,0
1016,0.42333333333333345,127
1017,-1.0133333333333334,0
1018,-1.8933333333333335,0
1019,3.2533333333333334,102
1020,-1.0633333333333335,0
1021,2.5933333333333337,0
1022,0.443333333333333,25
1023,3.460000000000001,0
1024,-2.4466666666666663,51
1025,-2.0933333333333333,0
1026,-0.06666666666666664,0
1027,2.483333333333333,0
1028,2.0899999999999994,51
1029,-1.1966666666666663,127
1030,3.746666666666667,0
1031,-0.6800000000000002,127
1032,1.723333333333333,0
1033,3.0966666666666662,0
1034,1.8199999999999996,10
1035,2.3266666666666667,0
1036,0.48000000000000004,0
1037,0.6500000000000004,0
1038,4.353333333333333,8
1039,1.1799999999999995,127
1040,4.223333333333332,0
1041,1.0166666666666666,0
1042,-1.7033333333333334,0
1043,2.4827586206896552,0
1044,0.15666666666666765,0
1045,2.7466666666666666,0
1046,0.559259259259259,178
1047,3.0851851851851855,0
1048,3.5733333333333337,0
1049,0.8733333333333331,0
1050,1.936666666666667,0
1051,0.27000000000000024,0
1052,-0.9107142857142863,0
1053,1.8499999999999994,0
1054,-1.34,102
1055,-1.6571428571428568,0
1056,0.2533333333333334,127
1057,4.116666666666666,0
1058,-0.9133333333333333,0
1059,-0.67,0
1060,0.15000000000000005,102
1061,1.9000000000000006,0
1062,3.1448275862068975,305
1063,0.5896551724137925,0
1064,1.6500000000000001,0
1065,-0.2566666666666666,0
1066,-1.5433333333333334,0
1067,1.3599999999999997,0
1068,-2.2448275862068967,102
1069,0.38999999999999996,0
1070,2.623333333333334,0
1071,-0.4599999999999998,0
1072,2.306666666666667,0
1073,0.7833333333333335,51
1074,2.816666666666667,0
1075,-2.6,102
1076,-2.2033333333333336,0
1077,1.0166666666666666,0
1078,2.263333333333333,25
1079,0.18333333333333282,76
1080,4.996296296296295,8
1081,-0.32999999999999996,107
1082,2.07,0
1083,3.0799999999999996,229
1084,0.3827586206896552,0
1085,2.1266666666666665,0
1086,0.22666666666666674,0
1087,-0.62,0
1088,2.396666666666668,0
1089,-0.6333333333333334,127
1090,-1.4433333333333331,0
1091,-1.1099999999999999,0
1092,4.153333333333333,0
1093,-0.3333333333333333,0
1094,-0.8000000000000003,0
1095,2.4689655172413802,76
1096,-0.6733333333333333,0
1097,-3.4433333333333334,102
1098,-2.089655172413793,0
1099,-0.5931034482758621,0
1100,1.0033333333333334,0
1101,2.641379310344828,0
1102,-0.16206896551724123,76
1103,3.3299999999999996,0
1104,-0.36000000000000004,127
1105,2.196666666666666,0
1106,3.363333333333334,229
1107,0.8099999999999999,0
1108,1.9642857142857142,0
1109,-0.2233333333333332,0
1110,-0.5500000000000005,0
1111,2.686666666666667,0
1112,-0.37,102
1113,3.3700000000000006,0
1114,-1.5413793103448274,0
1115,1.0866666666666664,0
1116,-0.3266666666666664,0
1117,2.1333333333333333,0
1118,2.4799999999999986,0
1119,-2.893333333333333,0
1120,2.386666666666666,0
1121,-0.9599999999999995,0
1122,2.3500000000000005,0
1123,0.7066666666666664,25
1124,3.0899999999999994,0
1125,-2.7500000000000004,13
1126,-2.186666666666667,0
1127,-0.5933333333333333,0
1128,3.133333333333334,76
1129,-0.18666666666666645,0
1130,2.475862068965518,0
1131,0.9566666666666671,38
1132,3.6333333333333333,0
1133,-1.9400000000000002,203
1134,-1.2833333333333334,0
1135,0.05000000000000003,0
1136,2.643333333333333,0
1137,2.8413793103448284,0
1138,0.4433333333333346,152
1139,4.316666666666666,10
1140,0.24482758620689637,203
1141,3.8833333333333337,0
1142,4.056666666666667,152
1143,1.986666666666667,38
1144,2.6500000000000004,0
1145,-0.33333333333333315,0
1146,-0.00999999999999962,0
1147,3.03,0
1148,-0.2033333333333333,127
1149,3.5900000000000003,0
1150,-1.3066666666666669,0
1151,-0.9633333333333336,0
1152,3.7933333333333326,0
1153,-0.5000000000000001,0
1154,-0.23999999999999996,0
1155,4.516666666666668,0
1156,-0.6533333333333334,0
1157,0.020000000000000077,0
1158,2.643333333333333,51
1159,0.17333333333333345,0
1160,2.773333333333334,0
1161,1.0033333333333339,48
1162,4.076666666666666,0
1163,-2.566666666666666,152
1164,-0.9666666666666665,0
1165,0.0699999999999999,0
1166,2.3299999999999996,0
1167,3.46,0
1168,0.5866666666666667,127
1169,3.7066666666666666,0
1170,0.293333333333333,178
1171,3.826666666666666,0
1172,4.386666666666667,229
1173,1.3899999999999995,66
1174,2.9899999999999998,8
1175,1.4633333333333336,0
1176,0.9799999999999993,0
1177,3.966666666666667,0
1178,1.1766666666666665,127
1179,4.803333333333334,0
1180,-0.30666666666666664,0
1181,-0.5266666666666667,0
1182,-1.5633333333333337,0
1183,-5.799999999999998,0
1184,-2.336666666666667,0
1185,-4.0200000000000005,25
1186,-1.7310344827586208,25
1187,-6.272413793103448,0
1188,-5.836666666666667,0
1189,-3.29,0
1190,-0.23103448275862085,0
1191,-17.172413793103452,76
1192,-4.473333333333334,559
1193,2.7966666666666673,0
1194,-4.303333333333333,0
1195,-2.4862068965517246,0
1196,-0.59,25
1197,-1.5733333333333335,0
1198,-1.8133333333333335,0
1199,-2.7,127
1200,-1.5566666666666669,152
1201,0.2733333333333331,152
1202,-1.66,0
1203,-1.95,254
1204,-5.223333333333334,0
1205,-4.526666666666667,25
1206,-2.6133333333333337,0
1207,1.25,0
1208,1.8533333333333328,76
1209,-3.993333333333333,305
1210,4.09,0
1211,-3.67,0
1212,-2.3599999999999994,0
1213,0.23333333333333348,3
1214,-0.29666666666666636,0
1215,-0.7966666666666669,0
1216,-2.363333333333333,102
1217,-1.443333333333333,203
1218,2.943333333333333,279
1219,-1.1833333333333333,203
1220,-0.003333333333333499,0
1221,-0.5899999999999996,229
1222,-2.706666666666666,102
1223,0.38999999999999985,0
1224,-5.233333333333332,0
1225,-0.98,0
1226,-2.806896551724138,25
1227,-0.7766666666666668,0
1228,-5.78,0
1229,-5.246666666666666,0
1230,-2.6233333333333335,51
1231,-0.1133333333333332,0
1232,0.3066666666666668,102
1233,-4.383333333333335,457
1234,3.1233333333333344,0
1235,-4.54,0
1236,-2.4724137931034478,0
1237,0.1766666666666667,0
1238,-1.3233333333333337,0
1239,-0.8999999999999999,0
1240,-3.0033333333333334,102
1241,-1.8620689655172413,178
1242,1.2766666666666668,229
1243,-1.9366666666666668,127
1244,-1.4000000000000001,0
1245,-1.5931034482758621,229
1246,-4.096551724137932,203
1247,0.4566666666666669,0
1248,-5.303333333333333,0
1249,-1.4666666666666666,0
1250,-2.9,25
1251,0.7233333333333337,0
1252,-4.336666666666667,0
1253,-3.8733333333333335,20
1254,-2.4066666666666663,51
1255,0.76,0
1256,2.2233333333333323,102
1257,-3.68,229
1258,4.4266666666666685,0
1259,-2.9633333333333334,0
1260,-1.3966666666666672,0
1261,1.1999999999999997,0
1262,0.23666666666666641,0
1263,0.17000000000000018,0
1264,-1.5166666666666666,127
1265,-0.6600000000000001,178
1266,3.463333333333333,203
1267,-0.24000000000000007,152
1268,0.5433333333333336,0
1269,0.5133333333333334,152
1270,-2.1233333333333335,130
1271,3.166666666666667,0
1272,-2.483333333333333,0
1273,0.3499999999999998,0
1274,-2.95,25
1275,1.7033333333333338,0
1276,-2.4699999999999998,0
1277,-0.7366666666666666,0
1278,0.16666666666666685,51
1279,3.7433333333333336,0
1280,3.5066666666666664,0
1281,-1.2799999999999996,0
1282,4.960000000000003,0
1283,-0.4068965517241379,0
1284,0.4133333333333332,0
1285,1.4633333333333332,0
1286,0.39999999999999997,0
1287,-1.2600000000000002,0
1288,0.6814814814814822,0
1289,2.776666666666666,178
1290,0.17999999999999952,0
1291,3.1266666666666665,127
1292,0.12333333333333336,0
1293,0.7733333333333334,0
1294,0.7799999999999999,0
1295,2.1166666666666663,0
1296,-1.9866666666666666,0
1297,0.6199999999999998,0
1298,-1.8733333333333333,0
1299,2.5900000000000003,0
1300,-2.9100000000000006,0
1301,-1.1666666666666667,0
1302,-0.7033333333333331,51
1303,3.533333333333333,0
1304,2.7633333333333328,0
1305,-2.74,51
1306,4.3999999999999995,0
1307,-0.7633333333333333,0
1308,0.8733333333333336,0
1309,2.936666666666667,0
1310,1.0733333333333333,0
1311,1.0733333333333335,0
1312,-0.45333333333333303,102
1313,1.0299999999999998,0
1314,3.090000000000001,104
1315,0.45333333333333314,0
1316,0.6466666666666666,0
1317,0.9666666666666663,0
1318,-0.8166666666666669,30
1319,1.192857142857143,0
1320,0.13793103448275862,0
1321,0.5758620689655171,0
1322,2.966666666666667,0
1323,-2.183333333333333,0
1324,-0.8655172413793102,0
1325,0.9655172413793104,0
1326,2.293103448275863,0
1327,7.76,0
1328,4.87,0
1329,6.786666666666664,0
1330,6.173333333333333,0
1331,11.039999999999996,0
1332,6.226666666666666,0
1333,9.076666666666666,0
1334,6.466666666666668,0
1335,10.753333333333336,0
1336,6.4833333333333325,0
1337,6.756666666666666,0
1338,8.623333333333333,0
1339,9.64666666666667,0
1340,11.890000000000002,0
1341,8.256666666666668,0
1342,6.489999999999998,0
1343,5.959999999999999,0
1344,9.806666666666668,0
1345,7.343333333333332,0
1346,5.669999999999999,0
1347,8.433333333333334,0
1348,12.756666666666666,0
1349,8.276666666666669,0
1350,11.31,0
1351,8.52,0
1352,13.293333333333333,0
1353,8.716666666666669,0
1354,8.986666666666668,0
1355,11.576666666666666,0
1356,9.409999999999997,0
1357,11.036666666666665,0
1358,12.643333333333334,0
1359,11.239999999999998,0
1360,8.499999999999998,0
1361,8.746666666666666,0
1362,9.24,0
1363,10.133333333333335,0
1364,8.590000000000002,0
1365,5.596666666666667,0
1366,7.5633333333333335,0
1367,7.460000000000002,0
1368,12.023333333333333,0
1369,7.633333333333334,0
1370,9.810000000000002,0
1371,8.036666666666669,0
1372,11.833333333333332,0
1373,7.6499999999999995,0
1374,7.593333333333333,0
1375,10.033333333333331,0
1376,7.846666666666668,0
1377,10.026666666666666,0
1378,12.260000000000002,0
1379,8.873333333333333,0
1380,7.543333333333333,0
1381,6.836666666666663,0
1382,7.78,0
1383,8.896666666666668,0
1384,8.84,0
1385,6.1499999999999995,0
1386,6.699999999999999,0
1387,6.693333333333334,0
1388,11.716666666666669,0
1389,7.503333333333333,0
1390,9.74666666666667,0
1391,7.453333333333333,0
1392,11.320000000000002,0
1393,7.5200000000000005,0
1394,7.356666666666665,0
1395,9.719999999999999,0
1396,7.943333333333334,0
1397,9.406666666666665,0
1398,7.803333333333332,0
1399,8.326666666666666,0
1400,8.98,0
1401,7.623333333333335,0
1402,-1.15,0
1403,-0.10000000000000006,127
1404,-3.256666666666667,0
1405,-2.813333333333333,25
1406,-1.0766666666666669,0
1407,-2.8466666666666662,432
1408,-3.6466666666666665,0
1409,-2.8899999999999997,127
1410,-1.2500000000000004,0
1411,0.1399999999999998,0
1412,-0.3000000000000002,25
1413,-0.3466666666666667,127
1414,-3.4833333333333343,0
1415,-1.2566666666666668,0
1416,-2.6133333333333324,0
1417,-1.7066666666666668,51
1418,0.5833333333333336,0
1419,-3.263333333333334,178
1420,-1.296666666666667,254
1421,-0.7066666666666668,76
1422,-1.3033333333333335,102
1423,-2.52,0
1424,-3.0700000000000003,102
1425,-1.4566666666666668,0
1426,-0.20666666666666667,152
1427,-3.27,3
1428,-1.6033333333333333,0
1429,-3.32,305
1430,-4.163333333333333,0
1431,-3.0,102
1432,-0.9620689655172414,0
1433,0.0966666666666665,0
1434,-0.8399999999999999,152
1435,-3.520000000000001,0
1436,-1.953333333333333,25
1437,-2.3379310344827577,0
1438,-1.5633333333333332,76
1439,1.1166666666666667,0
1440,-2.68,152
1441,-1.0099999999999998,229
1442,-0.43,152
1443,-1.3,152
1444,-0.44999999999999996,51
1445,-2.54,0
1446,-3.99,178
1447,-0.05666666666666651,0
1448,0.5733333333333331,152
1449,-1.5199999999999998,10
1450,-1.9033333333333333,8
1451,-0.1300000000000001,0
1452,-2.4,610
1453,-2.7399999999999998,0
1454,-2.02,107
1455,0.3366666666666667,0
1456,2.1133333333333337,0
1457,1.2800000000000005,51
1458,3.6566666666666667,0
1459,4.459999999999999,0
1460,3.493333333333333,0
1461,1.3899999999999995,0
1462,2.1033333333333326,0
1463,4.903333333333333,0
1464,4.743333333333333,25
1465,6.946666666666664,0
1466,3.0586206896551715,0
1467,4.386666666666667,0
1468,5.127586206896551,0
1469,6.783333333333334,0
1470,2.186666666666667,0
1471,3.5599999999999983,0
1472,0.6466666666666668,0
1473,0.8666666666666666,0
1474,-1.7,102
1475,-1.533333333333333,5
1476,0.9199999999999999,0
1477,-2.0,254
1478,-2.54,0
1479,-0.9866666666666665,254
1480,0.0900000000000001,0
1481,1.8933333333333333,0
1482,0.5566666666666669,25
1483,0.44,0
1484,-0.51,127
1485,0.7799999999999999,0
1486,-0.92,0
1487,-0.16333333333333352,51
1488,3.0166666666666657,0
1489,-1.5733333333333333,305
1490,-0.12333333333333334,254
1491,2.1499999999999995,0
1492,2.1633333333333336,0
1493,0.5333333333333333,0
1494,1.246666666666667,8
1495,2.773333333333334,0
1496,-0.7233333333333332,330
1497,-1.0566666666666664,0
1498,0.30333333333333373,229
1499,1.0599999999999996,25
1500,3.1633333333333336,0
1501,1.4066666666666667,25
1502,2.9600000000000013,0
1503,0.08000000000000002,0
1504,2.1799999999999997,0
1505,0.5499999999999999,0
1506,2.0566666666666675,25
1507,4.503333333333334,0
1508,-0.00999999999999992,51
1509,0.9266666666666662,51
1510,4.833333333333333,229
1511,1.6899999999999997,76
1512,4.223333333333334,0
1513,0.6999999999999998,5
1514,-0.6566666666666665,0
1515,2.256666666666667,0
1516,2.476666666666666,0
1517,1.1133333333333333,0
1518,0.4766666666666667,13
1519,2.9266666666666676,0
1520,0.15333333333333335,229
1521,-0.7799999999999998,0
1522,1.0933333333333337,51
1523,1.6266666666666665,25
1524,3.913333333333332,0
1525,2.113333333333333,25
1526,3.0533333333333332,0
1527,1.2433333333333334,25
1528,2.116666666666667,0
1529,1.0599999999999998,0
1530,2.3733333333333335,0
1531,4.510000000000001,0
1532,0.7666666666666668,102
1533,0.923333333333333,102
1534,4.779999999999999,203
1535,1.6266666666666665,25
1536,3.85,229
1537,0.8333333333333328,25
1538,0.4366666666666666,0
1539,1.5966666666666667,0
1540,-1.0166666666666666,305
1541,0.6633333333333326,178
1542,4.8,0
1543,1.0866666666666667,51
1544,0.8766666666666667,0
1545,-0.28666666666666657,0
1546,2.5333333333333328,0
1547,2.5233333333333325,0
1548,1.93,0
1549,1.703333333333333,0
1550,4.780000000000002,0
1551,1.4366666666666665,330
1552,0.26333333333333275,0
1553,1.6166666666666665,102
1554,2.5766666666666667,0
1555,5.043333333333333,0
1556,2.980000000000001,0
1557,5.133333333333334,0
1558,1.6933333333333338,0
1559,2.8866666666666663,0
1560,1.923333333333333,0
1561,2.7033333333333323,0
1562,5.3199999999999985,0
1563,1.0899999999999996,25
1564,2.01,25
1565,5.13,102
1566,2.623333333333334,0
1567,1.6799999999999997,0
1568,0.2433333333333336,0
1569,1.986666666666667,0
1570,2.6066666666666674,0
1571,0.01999999999999984,51
1572,1.6500000000000006,0
1573,-0.7000000000000001,254
1574,-1.1357142857142857,0
1575,-0.5933333333333327,0
1576,1.9466666666666668,0
1577,5.013333333333333,0
1578,1.7999999999999992,0
1579,3.51,0
1580,0.7899999999999998,0
1581,1.3833333333333333,0
1582,1.3633333333333333,0
1583,1.8833333333333333,0
1584,4.216666666666668,0
1585,-0.5233333333333332,0
1586,1.7566666666666673,0
1587,4.236666666666667,0
1588,1.4033333333333329,0
1589,3.419999999999999,0
1590,0.2933333333333335,0
1591,-2.1466666666666665,127
1592,0.7466666666666664,0
1593,-0.51,25
1594,2.7,0
1595,-1.99,203
1596,-1.1866666666666668,152
1597,2.106666666666667,102
1598,-0.03333333333333345,51
1599,-0.63,0
1600,-1.76,0
1601,0.8000000000000006,0
1602,1.6700000000000002,0
1603,-0.5933333333333333,0
1604,-0.37000000000000005,0
1605,3.9500000000000006,0
1606,0.7199999999999995,0
1607,1.2033333333333334,0
1608,-0.6666666666666664,51
1609,-1.3333333333333333,8
1610,1.2033333333333327,0
1611,-1.9266666666666667,305
1612,-2.21,0
1613,-0.6833333333333331,229
1614,0.26333333333333336,0
1615,1.9233333333333333,0
1616,0.9199999999999998,25
1617,1.2233333333333336,0
1618,1.1666666666666672,0
1619,-0.45999999999999996,0
1620,0.7066666666666667,51
1621,3.4633333333333325,0
1622,-0.84,229
1623,0.8233333333333326,127
1624,2.683333333333334,76
1625,0.36666666666666664,25
1626,2.596666666666666,0
1627,-1.1266666666666665,5
1628,-1.1833333333333333,25
1629,4.506666666666667,0
1630,4.0,0
1631,2.5900000000000003,0
1632,2.8900000000000006,15
1633,4.7666666666666675,0
1634,1.8366666666666662,279
1635,1.0166666666666664,0
1636,4.669999999999999,0
1637,3.56,0
1638,4.696666666666667,0
1639,2.6333333333333333,84
1640,3.9966666666666666,0
1641,2.8366666666666673,0
1642,4.833333333333333,229
1643,1.6899999999999997,76
1644,4.679999999999999,0
1645,0.5699999999999997,15
1646,0.49333333333333335,0
1647,1.8100000000000007,0
1648,2.1133333333333337,0
1649,4.276666666666666,0
1650,0.5600000000000002,254
1651,0.6133333333333334,127
1652,-2.7266666666666666,0
1653,0.5599999999999998,0
1654,-1.2033333333333331,51
1655,0.6433333333333329,0
1656,-5.316666666666666,51
1657,-4.47,10
1658,-2.2966666666666664,8
1659,0.09666666666666668,0
1660,-0.19666666666666674,0
1661,0.2166666666666664,229
1662,-1.6833333333333333,254
1663,0.003333333333333292,135
1664,-0.9310344827586206,102
1665,0.8899999999999998,0
1666,2.140740740740741,0
1667,0.2766666666666666,0
1668,0.44000000000000034,178
1669,0.36071428571428604,25
1670,1.8392857142857142,0
1671,2.0642857142857145,0
1672,-1.1551724137931032,0
1673,0.4099999999999998,76
1674,-2.7066666666666666,0
1675,0.14666666666666683,3
1676,-1.5566666666666669,51
1677,0.27333333333333315,0
1678,-4.540000000000001,51
1679,0.29333333333333333,51
1680,-0.40333333333333315,51
1681,-0.42999999999999977,330
1682,0.6433333333333338,102
1683,0.8666666666666668,15
1684,1.0166666666666666,0
1685,-0.9299999999999999,25
1686,-0.4199999999999997,254
1687,1.5133333333333332,51
1688,-0.5066666666666665,127
1689,1.4366666666666668,0
1690,-1.28,51
1691,-1.4400000000000002,130
1692,-7.036666666666665,0
1693,-1.4766666666666668,0
1694,2.85,0
1695,-2.75,0
1696,-1.7448275862068963,0
1697,-2.4206896551724135,0
1698,-0.9066666666666664,0
1699,-2.7413793103448274,102
1700,-4.74,229
1701,-2.163333333333333,178
1702,-8.133333333333333,254
1703,-3.423333333333334,51
1704,-1.5166666666666662,51
1705,-7.066666666666667,178
1706,-7.740000000000001,483
1707,-5.429999999999998,0
1708,-1.5200000000000002,25
1709,-0.8699999999999999,51
1710,-3.6500000000000004,254
1711,-4.59,0
1712,-4.12,127
1713,-1.9500000000000002,25
1714,-2.9966666666666675,76
1715,-3.170000000000001,25
1716,-3.576666666666667,279
1717,-3.283333333333333,203
1718,0.1333333333333335,356
1719,-3.293333333333334,508
1720,-2.0700000000000003,0
1721,-2.926666666666667,102
1722,-5.393333333333334,279
1723,-2.6571428571428575,203
1724,-8.683333333333334,229
1725,-3.2862068965517244,25
1726,-5.083333333333333,25
1727,-1.6466666666666667,102
1728,-7.324137931034483,152
1729,-8.093103448275862,483
1730,-5.65,0
1731,-1.1999999999999997,25
1732,-0.12068965517241376,76
1733,-4.6866666666666665,0
1734,1.7933333333333334,0
1735,-4.653333333333333,0
1736,-2.5500000000000003,0
1737,-7.62,254
1738,-3.126666666666667,51
1739,-4.236666666666666,51
1740,-1.2733333333333332,76
1741,-6.93793103448276,229
1742,-7.2700000000000005,559
1743,-5.37,0
1744,-1.1999999999999997,25
1745,-3.6766666666666667,254
1746,-4.6866666666666665,0
1747,-1.1133333333333333,0
1748,-2.4466666666666668,127
1749,-2.7399999999999998,0
1750,-3.2466666666666666,178
1751,-2.7800000000000002,178
1752,0.8533333333333334,330
1753,-3.226666666666667,457
1754,-1.7566666666666668,0
1755,-2.9366666666666674,127
1756,-4.743333333333334,254
1757,-1.6000000000000003,178
1758,-6.923333333333332,203
1759,-3.4266666666666663,0
1760,-4.250000000000001,51
1761,-1.646666666666667,51
1762,-6.166666666666663,152
1763,-7.0666666666666655,406
1764,-4.766666666666666,0
1765,-0.39000000000000007,0
1766,0.5933333333333333,76
1767,-2.0100000000000002,203
1768,3.723333333333332,25
1769,-2.9566666666666666,0
1770,-2.506666666666667,76
1771,-0.05666666666666664,0
1772,-2.0000000000000004,51
1773,-3.8233333333333333,127
1774,-3.2366666666666664,229
1775,-0.29666666666666675,305
1776,-3.816666666666667,381
1777,-1.9366666666666668,0
1778,-4.083333333333333,127
1779,-5.343333333333334,279
1780,-4.406666666666666,0
1781,-0.42666666666666647,0
1782,-2.876666666666666,0
1783,3.5899999999999994,0
1784,-3.630000000000001,0
1785,-3.4999999999999996,0
1786,-0.7642857142857142,0
1787,-1.44,0
1788,-1.37,0
1789,-1.996666666666667,0
1790,0.25333333333333347,64
1791,-3.9933333333333327,5
1792,-1.8666666666666665,0
1793,-3.49,102
1794,-5.496666666666666,229
1795,-2.7,152
1796,-9.996666666666666,127
1797,-5.216666666666666,51
1798,-6.47,51
1799,-2.926666666666667,76
1800,-10.263333333333334,279
1801,-10.856666666666666,483
1802,-8.356666666666667,0
1803,-3.2814814814814817,51
1804,-6.921428571428572,305
1805,-6.707407407407408,0
1806,2.5275862068965522,203
1807,-1.910000000000001,64
1808,0.9321428571428577,0
1809,-2.276666666666667,152
1810,-7.9333333333333345,229
1811,-2.906666666666667,51
1812,-4.666666666666667,51
1813,-1.1800000000000002,25
1814,-6.436666666666667,127
1815,-7.876666666666668,457
1816,-5.7333333333333325,0
1817,-1.5600000000000003,25
1818,0.38999999999999985,51
1819,-0.9433333333333335,25
1820,-1.8399999999999999,76
1821,-2.0133333333333328,0
1822,-2.763333333333333,152
1823,-2.313333333333333,203
1824,1.3266666666666667,254
1825,-2.19,483
1826,-0.2800000000000001,0
1827,-1.8966666666666667,25
1828,-3.6533333333333333,230
1829,6.48,0
1830,8.866666666666669,0
1831,10.760000000000002,0
1832,8.53,0
1833,7.560000000000002,0
1834,5.673333333333333,0
1835,4.246666666666666,0
1836,5.39,0
1837,4.650000000000001,0
1838,9.150000000000002,0
1839,4.136666666666666,0
1840,7.183333333333334,0
1841,4.933333333333333,0
1842,8.626666666666669,0
1843,5.47,0
1844,5.373333333333333,0
1845,7.2633333333333345,0
1846,5.223333333333332,0
1847,8.126666666666669,0
1848,9.48,0
1849,6.53,0
1850,4.593333333333333,0
1851,7.080000000000001,0
1852,5.263333333333334,0
1853,6.116666666666668,0
1854,4.466666666666668,0
1855,-1.310000000000001,0
1856,2.426666666666667,0
1857,-0.09333333333333313,0
1858,4.136666666666666,0
1859,-1.0266666666666664,0
1860,-0.41000000000000003,0
1861,1.0833333333333333,0
1862,3.636666666666666,0
1863,4.6833333333333345,0
1864,-0.7266666666666666,0
1865,4.710000000000002,0
1866,-0.03666666666666652,107
1867,3.866666666666667,0
1868,2.4633333333333325,0
1869,1.941379310344828,0
1870,0.7366666666666669,0
1871,1.3499999999999994,0
1872,4.470000000000001,25
1873,1.3833333333333329,51
1874,4.380000000000001,0
1875,0.8333333333333326,0
1876,-0.0599999999999997,0
1877,-3.5966666666666662,152
1878,-6.533333333333332,25
1879,-4.836666666666667,127
1880,-8.399999999999999,0
1881,-6.626666666666666,0
1882,-3.986666666666666,0
1883,-8.906896551724138,305
1884,-5.336666666666667,0
1885,-3.6499999999999995,102
1886,-2.3699999999999997,25
1887,-10.070000000000004,203
1888,-3.43,76
1889,-4.333333333333334,0
1890,-2.21,0
1891,-2.3517241379310345,0
1892,-2.9099999999999997,178
1893,-6.303333333333333,305
1894,-4.696666666666668,203
1895,-8.206666666666667,127
1896,-3.6866666666666665,178
1897,-7.243333333333331,76
1898,-4.356666666666667,102
1899,-8.45,0
1900,-7.926666666666667,0
1901,-5.043333333333334,0
1902,-3.243333333333333,0
1903,-4.006666666666668,0
1904,-4.036666666666666,25
1905,-5.38,0
1906,-4.13,0
1907,-0.5900000000000001,102
1908,-3.670000000000001,76
1909,-7.936666666666667,76
1910,-6.333333333333332,0
1911,-3.826666666666666,76
1912,-4.8133333333333335,0
1913,-4.17,0
1914,-2.7233333333333336,0
1915,-0.17333333333333317,0
1916,-1.1533333333333333,0
1917,-2.963333333333333,0
1918,-3.5066666666666673,51
1919,-1.3799999999999997,51
1920,0.5900000000000001,229
1921,-2.463333333333333,0
1922,-2.5633333333333335,127
1923,-0.15333333333333335,0
1924,-5.089999999999999,0
1925,-2.5166666666666666,0
1926,-4.653333333333334,0
1927,-1.6666666666666665,0
1928,-5.290000000000001,0
1929,-3.586666666666666,51
1930,0.5066666666666665,0
1931,-0.5599999999999999,0
1932,-5.906666666666668,279
1933,2.3133333333333335,25
1934,-3.9033333333333333,0
1935,-2.6700000000000004,0
1936,-0.29666666666666663,0
1937,-1.5066666666666668,0
1938,-2.920000000000001,0
1939,-3.3200000000000003,25
1940,-1.8300000000000005,76
1941,-0.9466666666666668,254
1942,-2.7266666666666666,0
1943,-2.6666666666666665,0
1944,-3.07,51
1945,-4.653333333333333,0
1946,-6.333333333333333,0
1947,-1.6,0
1948,-3.962068965517241,0
1949,-0.8620689655172413,0
1950,-4.1433333333333335,25
1951,-3.789655172413793,25
1952,-4.228571428571429,51
1953,-4.690000000000001,0
1954,-1.883333333333333,0
1955,-4.4399999999999995,0
1956,-4.926666666666666,0
1957,-5.053333333333333,0
1958,-1.0166666666666664,0
1959,-0.8034482758620691,406
1960,-1.2933333333333328,0
1961,-1.2333333333333332,0
1962,-2.0433333333333334,0
1963,-5.306666666666664,0
1964,-0.9931034482758622,0
1965,-2.75,0
1966,-3.5259259259259257,0
1967,-1.3033333333333335,0
1968,-0.7899999999999999,0
1969,-1.8499999999999999,152
1970,-2.917857142857143,0
1971,-3.7517241379310353,0
1972,-1.8866666666666667,0
1973,-3.2551724137931037,0
1974,-2.53448275862069,254
1975,-4.113333333333333,864
1976,-4.763333333333334,279
1977,-7.500000000000001,0
1978,-0.009999999999999875,152
1979,-2.693103448275862,1118
1980,-2.746666666666667,406
1981,-3.8433333333333324,330
1982,-1.3300000000000003,0
1983,-5.689285714285716,127
1984,-2.217241379310345,0
1985,-3.8172413793103446,51
1986,-1.3333333333333333,0
1987,-1.6925925925925924,51
1988,-1.0633333333333335,0
1989,-0.3233333333333334,457
1990,-1.9400000000000002,356
1991,-3.2034482758620686,762
1992,-3.236666666666666,0
1993,-1.466666666666667,508
1994,-3.4266666666666667,25
1995,-2.582142857142857,51
1996,-1.0033333333333332,0
1997,-2.1500000000000004,0
1998,-4.680000000000001,102
1999,1.5034482758620693,0
2000,-0.7966666666666665,737
2001,-0.35000000000000014,25
2002,-1.726666666666667,0
2003,0.4699999999999999,0
2004,-0.7964285714285716,279
2005,-0.9206896551724139,0
2006,-2.1600000000000006,305
2007,-2.246666666666667,0
2008,0.7033333333333337,0
2009,-0.15357142857142847,0
2010,0.05000000000000003,0
2011,-1.0517241379310343,356
2012,-0.85,152
2013,-1.8166666666666664,0
2014,0.08965517241379306,356
2015,-0.26666666666666644,0
2016,-6.056666666666667,0
2017,-3.453333333333333,0
2018,-6.596666666666666,0
2019,-3.3466666666666662,0
2020,-3.87,0
2021,-2.5500000000000003,0
2022,-5.326666666666666,0
2023,-6.613333333333333,0
2024,-3.0517241379310347,0
2025,-5.293333333333335,8
2026,-5.913333333333332,0
2027,-3.8103448275862064,0
2028,-2.9600000000000004,0
2029,-6.413333333333335,0
2030,-2.973333333333333,51
2031,-5.3100000000000005,0
2032,-3.8200000000000007,0
2033,-3.7033333333333345,0
2034,-5.783333333333333,0
2035,-2.8200000000000003,0
2036,-2.786666666666667,0
2037,-4.573333333333334,0
2038,-2.0766666666666667,0
2039,-3.9200000000000004,0
2040,-3.086666666666667,152
2041,-1.4933333333333334,0
2042,-2.466666666666667,305
2043,-3.283333333333334,0
2044,-5.8166666666666655,102
2045,1.48,76
2046,-1.5166666666666668,0
2047,-1.7100000000000002,0
2048,-1.7500000000000002,0
2049,0.32999999999999985,0
2050,-2.0034482758620693,51
2051,-4.782142857142857,0
2052,4.126666666666667,0
2053,0.38333333333333364,584
2054,1.183333333333333,25
2055,-0.7033333333333333,51
2056,2.7400000000000007,0
2057,-2.6999999999999993,0
2058,0.18666666666666715,51
2059,-1.8827586206896547,51
2060,-1.1866666666666665,0
2061,0.8153846153846156,0
2062,0.5111111111111106,0
2063,2.262962962962964,0
2064,2.314814814814815,305
2065,-0.5333333333333331,0
2066,2.2379310344827585,203
2067,2.5392857142857146,0
2068,-0.4266666666666668,0
2069,-0.2400000000000001,102
2070,-2.503333333333333,0
2071,-2.9633333333333334,8
2072,-2.0766666666666667,0
2073,-5.453333333333333,0
2074,-5.209999999999998,0
2075,-5.566666666666668,0
2076,-4.196666666666666,0
2077,-3.473333333333333,0
2078,-5.2827586206896555,0
2079,-5.288461538461538,0
2080,-1.1071428571428572,0
2081,-0.26153846153846155,0
2082,0.025000000000000005,0
2083,-0.8192307692307694,0
2084,-0.5,305
2085,1.8933333333333338,127
2086,-0.11333333333333316,0
2087,-1.6230769230769229,0
2088,-4.590000000000001,51
2089,-3.5333333333333337,254
2090,-0.6033333333333333,0
2091,-0.19310344827586212,0
2092,-1.5266666666666668,102
2093,-1.9689655172413802,51
2094,-3.3633333333333337,0
2095,-1.646666666666667,102
2096,-2.5600000000000005,0
2097,-2.8928571428571423,178
2098,0.24333333333333335,0
2099,-1.0866666666666664,0
2100,-1.6866666666666668,76
2101,-3.3266666666666667,76
2102,-2.15,10
2103,-0.213793103448276,0
2104,-2.7133333333333334,457
2105,-3.8200000000000007,51
2106,-3.1333333333333333,279
2107,-1.133333333333333,0
2108,0.4033333333333333,0
2109,-2.086206896551724,51
2110,-1.6266666666666665,25
2111,-1.9689655172413791,76
2112,-1.042857142857143,229
2113,-3.8866666666666663,10
2114,-5.553333333333333,152
2115,-1.77,0
2116,-0.6633333333333334,76
2117,-3.433333333333334,76
2118,-4.373333333333333,8
2119,-1.0666666666666664,0
2120,-3.9266666666666676,254
2121,-4.989999999999999,0
2122,-2.2899999999999996,254
2123,-0.6133333333333335,0
2124,-0.27666666666666656,0
2125,-1.493333333333333,0
2126,-2.763333333333333,234
2127,-1.0533333333333337,152
2128,-1.7533333333333336,0
2129,-3.0833333333333344,178
2130,0.5366666666666666,0
2131,-3.2633333333333336,356
2132,-2.3866666666666663,203
2133,-0.9033333333333331,0
2134,-3.966666666666667,10
2135,-4.08,100
2136,1.5933333333333333,0
2137,1.8366666666666667,0
2138,1.8433333333333335,0
2139,0.07666666666666645,10
2140,3.1666666666666656,0
2141,-0.35,76
2142,-1.073333333333333,0
2143,0.9433333333333336,0
2144,0.3,51
2145,3.65,0
2146,1.0899999999999999,0
2147,3.28,0
2148,1.0866666666666667,38
2149,4.36,0
2150,2.1633333333333344,0
2151,2.1866666666666674,0
2152,4.243333333333333,0
2153,0.7033333333333331,0
2154,1.2599999999999996,0
2155,4.76,76
2156,0.8733333333333332,0
2157,-0.9566666666666666,28
2158,-0.3379310344827586,0
2159,-1.7433333333333336,0
2160,-2.0100000000000002,0
2161,1.3233333333333333,0
2162,-0.8933333333333332,0
2163,1.1600000000000001,0
2164,0.7733333333333332,0
2165,1.213333333333334,0
2166,0.41333333333333344,0
2167,3.1,0
2168,1.2433333333333332,0
2169,1.6233333333333329,0
2170,4.306666666666667,0
2171,2.0933333333333333,0
2172,0.3366666666666662,0
2173,3.366666666666666,0
2174,-0.5533333333333332,0
2175,1.193333333333333,0
2176,3.5900000000000003,51
2177,0.36666666666666675,0
2178,2.5166666666666666,0
2179,-1.4433333333333331,0
2180,-0.9033333333333335,0
2181,-2.6866666666666665,0
2182,-3.816666666666666,0
2183,-6.324137931034483,0
2184,-6.082758620689655,0
2185,-4.0888888888888895,0
2186,-2.36,0
2187,-2.9966666666666666,0
2188,-5.268965517241378,18
2189,-2.2655172413793103,0
2190,-2.692857142857143,0
2191,-4.253333333333334,0
2192,-3.770000000000001,0
2193,-3.7533333333333334,0
2194,-3.976666666666668,0
2195,-4.793333333333334,76
2196,-3.96,0
2197,-3.9633333333333334,152
2198,-4.216666666666668,25
2199,-5.843333333333334,0
2200,-1.0833333333333333,0
2201,-2.3699999999999997,0
2202,-5.256666666666664,0
2203,-1.5933333333333335,0
2204,-3.3233333333333337,0
2205,-2.4466666666666668,25
2206,-2.906666666666667,25
2207,-2.5966666666666667,0
2208,-2.9933333333333336,0
2209,-2.2399999999999998,0
2210,-2.5166666666666666,25
2211,-1.8599999999999999,0
2212,-1.763333333333334,76
2213,-0.8833333333333334,51
2214,-2.15,229
2215,-1.363333333333333,51
2216,-3.15,0
2217,-2.0899999999999994,51
2218,-0.52,20
2219,-2.336666666666666,25
2220,-4.371428571428572,0
2221,-0.24333333333333332,0
2222,0.23999999999999996,25
2223,0.10344827586206906,3
2224,-1.5037037037037038,0
2225,-1.6925925925925926,0
2226,1.0033333333333332,0
2227,-0.3866666666666667,0
2228,0.8366666666666667,0
2229,-0.6033333333333334,0
2230,0.05333333333333326,51
2231,0.4448275862068966,0
2232,0.7866666666666667,0
2233,0.35,0
2234,-1.096666666666667,0
2235,1.43,0
2236,-1.03,254
2237,-1.88,0
2238,-0.8533333333333329,76
2239,1.0700000000000003,0
2240,2.683333333333333,0
2241,0.5357142857142855,76
2242,2.0862068965517238,0
2243,0.07666666666666669,0
2244,1.05,51
2245,-0.4733333333333331,0
2246,0.358620689655172,25
2247,1.5099999999999996,0
2248,-1.2714285714285718,102
2249,0.8642857142857145,76
2250,0.3733333333333334,0
2251,1.3724137931034484,0
2252,-0.42333333333333306,13
2253,-1.9344827586206896,0
2254,0.08999999999999989,0
2255,-0.010000000000000024,8
2256,0.2433333333333333,0
2257,-1.9233333333333333,5
2258,0.5533333333333329,0
2259,-2.29,203
2260,-3.0,0
2261,-1.9633333333333336,76
2262,0.19333333333333338,0
2263,1.9766666666666668,0
2264,-0.6500000000000002,51
2265,1.8033333333333332,0
2266,0.01999999999999984,488
2267,1.4133333333333333,0
2268,-1.0133333333333339,0
2269,0.05666666666666673,0
2270,2.536666666666666,3
2271,-1.5766666666666669,102
2272,0.18666666666666643,127
2273,1.3266666666666667,25
2274,-0.4066666666666668,0
2275,1.0700000000000003,0
2276,-1.39,10
2277,-2.0733333333333337,0
2278,3.6724137931034484,0
2279,5.923333333333335,0
2280,1.6099999999999994,0
2281,1.6166666666666667,0
2282,2.836666666666666,0
2283,4.526666666666666,25
2284,2.7300000000000013,0
2285,6.183333333333333,0
2286,3.716666666666668,0
2287,6.9399999999999995,0
2288,5.886666666666668,0
2289,4.336666666666668,0
2290,3.573333333333333,0
2291,2.850000000000001,0
2292,6.310000000000001,0
2293,3.9100000000000006,0
2294,2.42,0
2295,5.2733333333333325,0
2296,3.4400000000000004,0
2297,6.926666666666668,0
2298,5.590000000000002,0
2299,4.026666666666667,0
2300,4.593333333333332,0
2301,3.716666666666666,0
2302,2.5933333333333333,0
2303,6.110000000000001,0
2304,3.2333333333333334,0
2305,6.400000000000001,0
2306,3.6793103448275852,8
2307,2.063333333333333,0
2308,0.6066666666666666,0
2309,4.706666666666665,0
2310,2.950000000000001,0
2311,6.136666666666666,0
2312,4.426666666666667,0
2313,2.6499999999999995,0
2314,4.050000000000001,0
2315,2.8400000000000003,0
2316,5.358620689655172,0
2317,2.4066666666666667,0
2318,1.7068965517241375,0
2319,3.906896551724137,0
2320,2.723333333333333,0
2321,2.325,0
2322,3.9799999999999995,0
2323,2.313333333333334,0
2324,2.22,0
2325,5.6366666666666685,0
2326,2.4133333333333327,0
2327,5.542307692307691,0
2328,4.886666666666668,0
2329,1.6896551724137934,0
2330,4.963333333333334,0
2331,3.986206896551723,0
2332,6.416666666666665,0
2333,5.510000000000001,0
2334,6.596666666666668,0
2335,2.92,0
2336,3.2733333333333334,0
2337,3.503333333333333,0
2338,6.083333333333334,0
2339,7.073333333333333,0
2340,3.4333333333333353,0
2341,7.01,0
2342,4.813333333333331,0
2343,7.939999999999999,0
2344,7.196666666666668,0
2345,5.519999999999999,0
2346,5.833333333333332,0
2347,5.006666666666667,0
2348,3.5033333333333334,0
2349,6.716666666666668,0
2350,6.28,0
2351,4.133333333333334,0
2352,6.496666666666667,0
2353,5.756666666666667,0
2354,7.753333333333333,0
2355,3.0266666666666664,0
2356,2.9900000000000007,0
2357,4.396666666666666,0
2358,5.429999999999999,0
2359,7.423333333333334,0
2360,4.680000000000001,0
2361,7.55,0
2362,2.183333333333333,0
2363,6.8999999999999995,0
2364,6.336666666666668,0
2365,5.629999999999999,0
2366,5.670000000000001,0
2367,4.9799999999999995,0
2368,3.2766666666666677,0
2369,7.073333333333336,0
2370,4.61,0
2371,4.756666666666667,0
2372,3.5033333333333325,0
2373,5.760000000000001,0
2374,4.650000000000001,0
2375,5.746666666666666,0
2376,2.323333333333333,0
2377,1.6333333333333333,0
2378,2.7700000000000005,0
2379,4.0200000000000005,0
2380,5.143333333333334,0
2381,2.3966666666666665,0
2382,5.256666666666667,0
2383,3.366666666666667,0
2384,6.673333333333335,0
2385,5.533333333333334,0
2386,4.526666666666666,0
2387,5.346666666666667,0
2388,3.5566666666666666,0
2389,3.3000000000000003,0
2390,6.260000000000002,0
2391,4.169999999999999,10
2392,5.846666666666667,0
2393,2.1066666666666665,0
2394,2.7799999999999994,0
2395,-6.570000000000001,25
2396,-5.423333333333334,279
2397,-3.9833333333333334,178
2398,-7.496666666666668,356
2399,-6.34,0
2400,-6.459999999999999,152
2401,-8.563333333333334,178
2402,-6.573333333333335,0
2403,-6.573333333333332,152
2404,-8.343333333333335,178
2405,-6.46,0
2406,-5.103333333333334,0
2407,-8.04,0
2408,-5.620000000000001,0
2409,-9.209999999999999,0
2410,-12.276666666666667,0
2411,-7.633333333333334,0
2412,-4.493333333333334,0
2413,-3.4833333333333334,0
2414,-9.663333333333334,0
2415,-4.02,0
2416,-5.206666666666666,15
2417,-3.896666666666667,0
2418,-7.353333333333334,0
2419,-6.78,0
2420,-9.143333333333334,0
2421,-7.906666666666667,102
2422,-9.743333333333332,0
2423,-4.859999999999999,51
2424,-8.243333333333334,254
2425,-6.676666666666667,178
2426,-9.146666666666668,102
2427,-12.699999999999998,229
2428,-7.656666666666665,0
2429,-4.906666666666665,25
2430,-4.03,25
2431,-9.446666666666664,76
2432,-4.263333333333333,25
2433,-5.6333333333333355,76
2434,-10.706666666666667,0
2435,-5.826666666666668,51
2436,-4.23,0
2437,-8.286666666666667,0
2438,-7.17,25
2439,-5.543333333333333,279
2440,-4.53,234
2441,-7.84,330
2442,-7.536666666666667,0
2443,-7.016666666666666,152
2444,-9.01,180
2445,1.6499999999999997,0
2446,0.3000000000000001,0
2447,3.0300000000000002,0
2448,1.7933333333333334,51
2449,2.083333333333333,0
2450,-1.7733333333333339,25
2451,-1.386666666666667,0
2452,1.0499999999999998,0
2453,0.38333333333333336,0
2454,2.5733333333333337,0
2455,0.30666666666666725,0
2456,3.019999999999999,0
2457,4.186206896551722,18
2458,1.2777777777777772,0
2459,0.7833333333333333,0
2460,0.5142857142857143,0
2461,-1.1666666666666665,0
2462,0.11666666666666667,0
2463,1.7666666666666666,0
2464,0.7,0
2465,2.89,0
2466,1.7033333333333334,102
2467,3.339999999999999,0
2468,-1.3166666666666669,76
2469,-1.589655172413793,0
2470,1.136666666666667,0
2471,2.456666666666666,0
2472,1.485714285714286,0
2473,-0.1500000000000004,25
2474,2.8413793103448275,0
2475,1.7166666666666677,25
2476,3.3866666666666676,13
2477,4.311111111111111,102
2478,1.8766666666666656,0
2479,1.2233333333333334,0
2480,1.6999999999999993,0
2481,-0.21333333333333337,0
2482,3.3266666666666667,0
2483,-0.05999999999999996,25
2484,4.206666666666665,0
2485,-1.0733333333333337,0
2486,0.17000000000000018,0
2487,1.9133333333333338,25
2488,0.21666666666666703,0
2489,3.686666666666666,25
2490,1.8666666666666665,25
2491,3.18,0
2492,-1.4166666666666665,102
2493,-0.6899999999999998,0
2494,0.9666666666666669,0
2495,2.9233333333333333,0
2496,2.8100000000000005,0
2497,0.9066666666666668,51
2498,4.056666666666667,3
2499,1.4800000000000002,15
2500,3.929999999999999,0
2501,3.6900000000000004,76
2502,2.3333333333333344,0
2503,2.9266666666666667,0
2504,2.353333333333333,0
2505,0.9800000000000008,0
2506,3.9100000000000006,0
2507,0.48666666666666675,25
2508,4.340000000000001,0
2509,0.2433333333333333,0
2510,1.0733333333333326,0
2511,6.863333333333332,0
2512,2.4866666666666664,0
2513,3.743333333333333,0
2514,1.6566666666666674,0
2515,5.546666666666669,0
2516,3.4099999999999997,0
2517,3.290000000000001,0
2518,2.9133333333333336,0
2519,7.142857142857144,0
2520,7.946666666666666,0
2521,2.0633333333333335,0
2522,2.333333333333333,0
2523,4.85,0
2524,5.54,0
2525,3.7966666666666673,0
2526,4.343333333333334,0
2527,3.746666666666667,0
2528,2.8466666666666653,0
2529,5.676666666666668,203
2530,3.2700000000000005,0
2531,5.333333333333334,0
2532,1.8733333333333337,0
2533,0.9066666666666671,0
2534,4.813333333333332,0
2535,3.26,0
2536,3.0533333333333323,0
2537,4.166666666666668,0
2538,6.316666666666667,0
2539,5.869999999999999,0
2540,1.5965517241379308,0
2541,7.130000000000001,0
2542,1.5399999999999996,76
2543,2.9399999999999995,0
2544,4.503333333333332,0
2545,2.0933333333333346,0
2546,-0.6500000000000002,0
2547,6.313333333333335,0
2548,3.8933333333333335,0
2549,6.33,0
2550,2.4931034482758614,0
2551,3.7000000000000006,0
2552,1.4499999999999995,0
2553,5.663333333333333,0
2554,1.5466666666666666,0
2555,1.3214285714285712,0
2556,2.556666666666666,0
2557,5.319999999999999,0
2558,5.1000000000000005,0
2559,0.5066666666666669,0
2560,6.516666666666666,0
2561,1.456666666666666,102
2562,3.9833333333333325,0
2563,5.159999999999999,0
2564,2.596666666666668,0
2565,3.3933333333333335,0
2566,1.7800000000000011,0
2567,2.2233333333333336,0
2568,5.45,152
2569,2.243333333333334,0
2570,2.9433333333333334,0
2571,2.5100000000000002,0
2572,1.1200000000000006,0
2573,6.256666666666667,0
2574,4.0600000000000005,0
2575,6.593333333333333,0
2576,1.1433333333333333,0
2577,6.813333333333331,0
2578,2.1266666666666656,0
2579,5.073333333333332,0
2580,5.693333333333332,0
2581,4.173333333333334,0
2582,4.563333333333333,0
2583,4.26,0
2584,3.366666666666668,0
2585,5.923333333333335,152
2586,4.1466666666666665,0
2587,4.056666666666666,0
2588,3.609999999999999,0
2589,2.339999999999999,0
2590,4.113333333333332,0
2591,4.1,0
2592,4.8566666666666665,0
2593,2.9100000000000006,0
2594,6.389999999999999,0
2595,1.9766666666666666,0
2596,2.553333333333333,0
2597,-0.003333333333332959,0
2598,4.38,0
2599,1.696666666666667,0
2600,2.433333333333334,0
2601,2.456666666666666,0
2602,6.823333333333332,0
2603,6.240000000000001,0
2604,1.3333333333333333,0
2605,6.536666666666665,0
2606,2.0733333333333333,51
2607,4.826666666666668,0
2608,5.84,0
2609,4.169999999999999,0
2610,4.796666666666666,0
2611,4.846666666666667,0
2612,3.61,0
2613,6.153333333333333,356
2614,3.813333333333333,0
2615,4.106666666666665,0
2616,4.446666666666666,15
2617,3.1600000000000006,0
2618,4.6899999999999995,0
2619,5.036666666666667,0
2620,3.9433333333333334,0
2621,-0.49333333333333335,0
2622,1.5068965517241377,0
2623,7.256666666666667,0
2624,2.6566666666666667,0
2625,4.89,0
2626,5.253333333333336,0
2627,5.156666666666666,0
2628,1.2233333333333336,0
2629,4.703703703703705,0
2630,3.9466666666666668,0
2631,2.7,0
2632,2.7103448275862068,0
2633,1.37,0
2634,4.713333333333334,0
2635,2.3833333333333333,0
2636,5.136666666666667,0
2637,3.2766666666666677,0
2638,3.43,0
2639,2.933333333333333,0
2640,5.844827586206897,0
2641,5.686666666666668,0
2642,4.363333333333334,0
2643,-0.5366666666666667,0
2644,1.4233333333333333,0
2645,7.166666666666663,0
2646,4.183333333333334,0
2647,5.52,0
2648,5.63,0
2649,5.9366666666666665,0
2650,0.58,0
2651,5.526666666666667,0
2652,4.543333333333332,0
2653,2.373333333333333,0
2654,3.3000000000000003,0
2655,2.0448275862068965,0
2656,4.780000000000001,0
2657,2.027586206896552,0
2658,5.003333333333333,0
2659,4.453333333333334,0
2660,4.2266666666666675,0
2661,3.39,0
2662,4.323333333333334,0
2663,4.873333333333334,0
2664,4.358620689655174,0
2665,-0.5827586206896552,0
2666,1.3034482758620691,0
2667,6.63,0
2668,5.463333333333334,0
2669,5.641379310344826,0
2670,5.67,0
2671,0.5379310344827588,0
2672,5.16551724137931,0
2673,2.8666666666666676,0
2674,2.0766666666666667,0
2675,3.703333333333335,0
2676,2.5066666666666673,0
2677,4.756666666666667,0
2678,1.8900000000000001,0
2679,5.113333333333334,0
2680,3.336666666666667,0
2681,3.576666666666666,0
2682,2.563333333333333,0
2683,4.253333333333333,0
2684,5.04,0
2685,4.466666666666668,0
2686,-0.4133333333333334,0
2687,1.6999999999999997,0
2688,7.043333333333332,0
2689,3.550000000000001,0
2690,2.686666666666666,0
2691,0.2633333333333336,127
2692,2.426666666666667,0
2693,0.4999999999999998,51
2694,3.0566666666666666,0
2695,1.726666666666667,0
2696,0.32666666666666694,25
2697,2.3766666666666665,0
2698,0.10666666666666655,0
2699,0.7233333333333333,0
2700,3.0466666666666664,51
2701,0.006666666666666643,0
2702,-1.0166666666666666,30
2703,4.043333333333333,0
2704,1.7599999999999993,0
2705,2.953333333333333,0
2706,1.41,0
2707,2.7433333333333327,0
2708,2.8833333333333337,0
2709,0.8566666666666668,76
2710,3.0166666666666675,0
2711,0.8633333333333335,0
2712,1.8799999999999992,0
2713,4.107142857142856,51
2714,1.5366666666666664,0
2715,0.20999999999999985,28
2716,0.09999999999999988,3
2717,1.7133333333333332,0
2718,2.866666666666667,0
2719,0.9633333333333336,15
2720,4.166666666666667,0
2721,-0.14333333333333312,152
2722,-0.2833333333333333,0
2723,1.1333333333333335,0
2724,1.7666666666666668,0
2725,4.210000000000001,0
2726,1.560000000000001,51
2727,2.9966666666666675,0
2728,1.5266666666666662,203
2729,3.6833333333333327,0
2730,3.96,0
2731,1.8499999999999999,0
2732,4.090000000000001,0
2733,1.6933333333333336,0
2734,2.556666666666666,0
2735,4.25,51
2736,2.1233333333333326,0
2737,2.956666666666668,0
2738,0.016666666666666725,25
2739,0.27333333333333354,0
2740,2.2400000000000007,0
2741,-0.6766666666666665,0
2742,0.8299999999999997,76
2743,3.296551724137931,0
2744,-1.456666666666667,127
2745,-0.2099999999999994,51
2746,3.483333333333334,102
2747,0.4899999999999997,0
2748,-0.28666666666666657,5
2749,-1.22,0
2750,2.346666666666666,0
2751,3.096666666666668,0
2752,1.8299999999999998,0
2753,0.5666666666666667,25
2754,3.746666666666665,0
2755,0.4566666666666663,0
2756,0.726666666666667,0
2757,3.1766666666666663,0
2758,1.9266666666666667,0
2759,3.3333333333333344,0
2760,1.23,0
2761,2.3,0
2762,5.363333333333333,0
2763,1.0399999999999996,0
2764,1.4433333333333338,0
2765,5.333333333333332,127
2766,2.5600000000000005,0
2767,3.5,0
2768,1.073333333333333,8
2769,0.3233333333333334,0
2770,-0.6366666666666669,0
2771,3.45,0
2772,-0.62,0
2773,-0.8,0
2774,2.4633333333333334,0
2775,3.056666666666666,0
2776,1.583333333333333,0
2777,1.2733333333333334,0
2778,-0.15000000000000002,0
2779,-0.48000000000000015,0
2780,4.426666666666664,0
2781,1.7566666666666668,0
2782,6.675862068965517,0
2783,6.09,0
2784,7.943333333333333,0
2785,9.123333333333333,0
2786,5.096666666666667,0
2787,4.796666666666669,0
2788,5.166666666666669,0
2789,9.909999999999998,0
2790,8.723333333333333,0
2791,5.303333333333334,0
2792,9.76896551724138,0
2793,5.655555555555554,0
2794,9.13,0
2795,7.7733333333333325,0
2796,7.6464285714285705,0
2797,7.3966666666666665,0
2798,5.249999999999999,0
2799,8.646666666666667,0
2800,7.243333333333333,0
2801,7.948275862068964,0
2802,5.266666666666666,0
2803,6.606896551724137,0
2804,3.9633333333333334,0
2805,5.989999999999999,0
2806,7.683333333333332,0
2807,3.54,0
2808,2.8366666666666664,0
2809,4.056666666666667,0
2810,7.723333333333333,0
2811,4.816666666666666,0
2812,8.906666666666665,0
2813,5.723333333333333,0
2814,8.923333333333334,0
2815,8.350000000000001,0
2816,7.503333333333334,0
2817,6.510000000000002,0
2818,6.076666666666668,0
2819,4.7206896551724125,0
2820,7.355172413793104,0
2821,5.879310344827585,0
2822,4.573333333333335,0
2823,6.320000000000002,0
2824,6.793333333333334,0
2825,5.1933333333333325,0
2826,4.3533333333333335,0
2827,3.3499999999999996,0
2828,2.880000000000001,0
2829,8.29310344827586,0
2830,3.9566666666666666,0
2831,4.536666666666667,0
2832,3.7499999999999996,0
2833,6.723333333333333,0
2834,5.333333333333335,0
2835,6.706666666666667,0
2836,3.633333333333334,0
2837,3.276666666666667,0
2838,4.013333333333334,0
2839,7.483333333333335,0
2840,6.116666666666666,0
2841,4.486666666666667,0
2842,6.626666666666668,0
2843,5.106666666666667,0
2844,7.486666666666666,0
2845,7.276666666666669,0
2846,5.593333333333335,0
2847,5.493333333333333,0
2848,4.446666666666667,0
2849,2.8466666666666667,0
2850,6.993333333333334,0
2851,5.486666666666666,0
2852,5.5933333333333355,0
2853,3.566666666666667,0
2854,4.7399999999999975,0
2855,-6.85,0
2856,-4.083333333333334,102
2857,-6.349999999999998,0
2858,-3.6466666666666665,0
2859,-6.3933333333333335,76
2860,-3.516666666666667,25
2861,-6.35,0
2862,-9.13,356
2863,-5.226666666666666,0
2864,-1.0366666666666666,0
2865,-0.9366666666666666,0
2866,-3.716666666666667,0
2867,-5.556666666666667,0
2868,-5.313333333333333,25
2869,-5.813333333333333,230
2870,2.439285714285714,0
2871,1.775862068965517,0
2872,3.2399999999999998,0
2873,0.27241379310344804,0
2874,-0.14333333333333323,0
2875,1.5793103448275863,0
2876,1.457142857142857,0
2877,1.5499999999999996,0
2878,1.8133333333333328,0
2879,0.6699999999999999,0
2880,2.53103448275862,0
2881,1.5758620689655176,3
2882,3.6466666666666665,0
2883,-0.4448275862068966,0
2884,0.13793103448275856,0
2885,4.719230769230769,0
2886,6.453333333333331,0
2887,6.906666666666669,0
2888,4.623333333333334,0
2889,3.596666666666667,0
2890,2.8666666666666676,0
2891,1.853333333333334,0
2892,3.8000000000000003,0
2893,3.686666666666667,0
2894,2.616666666666667,0
2895,1.57,0
2896,3.526666666666666,0
2897,1.1000000000000003,0
2898,5.133333333333335,0
2899,-1.4133333333333333,0
2900,1.4633333333333338,0
2901,1.01,0
2902,3.286666666666666,0
2903,4.533333333333333,0
2904,2.553333333333335,0
2905,3.1000000000000005,0
2906,1.9699999999999995,0
2907,5.596666666666666,0
2908,7.326666666666668,0
2909,3.89,0
2910,3.023333333333333,0
2911,2.9133333333333336,0
2912,0.8482758620689655,0
2913,3.213333333333333,0
2914,3.0066666666666664,0
2915,1.4433333333333336,0
2916,1.9678571428571427,0
2917,4.303448275862069,0
2918,5.327586206896552,0
2919,1.9714285714285713,0
2920,0.6423076923076925,0
2921,-0.45172413793103455,0
2922,-0.8533333333333332,0
2923,1.8366666666666667,0
2924,1.426666666666666,0
2925,3.026666666666667,0
2926,-2.1733333333333333,0
2927,-2.453333333333333,0
2928,4.66,0
2929,1.806666666666666,0
2930,5.98076923076923,0
2931,6.027586206896552,0
2932,2.951724137931034,0
2933,2.9689655172413785,0
2934,1.3299999999999998,0
2935,0.7642857142857139,0
2936,2.6551724137931036,0
2937,0.8366666666666667,0
2938,3.076666666666667,0
2939,0.3566666666666666,0
2940,4.726666666666666,0
2941,-2.1133333333333337,0
2942,1.1866666666666668,0
2943,0.7466666666666669,0
2944,1.5500000000000003,0
2945,3.251724137931034,0
2946,0.8724137931034481,0
2947,1.1266666666666663,0
2948,4.446666666666669,0
2949,4.763333333333332,0
2950,1.5599999999999992,0
2951,1.7199999999999998,0
2952,1.2000000000000004,0
2953,0.07666666666666662,0
2954,2.606666666666667,0
2955,2.0600000000000005,25
2956,5.29,0
2957,0.6866666666666664,0
2958,0.9033333333333331,0
2959,0.6833333333333331,0
2960,5.9399999999999995,0
2961,3.0566666666666675,0
2962,2.6966666666666668,8
2963,7.672413793103448,0
2964,0.9666666666666666,0
2965,3.0900000000000007,0
2966,3.216666666666667,0
2967,6.116666666666666,0
2968,6.982142857142857,0
2969,3.8966666666666674,0
2970,6.400000000000002,0
2971,2.9699999999999993,0
2972,6.19,0
2973,7.483333333333333,0
2974,4.413333333333335,0
2975,4.56,0
2976,2.893333333333333,0
2977,2.0233333333333325,0
2978,4.679999999999999,0
2979,4.086666666666667,25
2980,5.570000000000001,0
2981,1.5066666666666673,0
2982,2.8275862068965516,0
2983,2.7166666666666672,0
2984,0.8200000000000001,0
2985,2.6933333333333334,0
2986,0.9310344827586217,0
2987,0.4033333333333334,0
2988,0.44285714285714256,0
2989,4.137931034482758,0
2990,5.113333333333334,0
2991,2.4,0
2992,0.6933333333333335,0
2993,0.6733333333333335,0
2994,-0.8285714285714284,0
2995,1.1633333333333338,0
2996,0.5266666666666662,5
2997,3.696666666666667,0
2998,2.1166666666666667,0
2999,3.2933333333333326,0
3000,1.11,0
3001,6.0699999999999985,0
3002,-1.82,0
3003,-0.5166666666666668,0
3004,-0.1233333333333332,0
3005,3.9799999999999995,0
3006,5.126666666666668,0
3007,0.8689655172413794,0
3008,2.686666666666667,0
3009,1.8300000000000005,0
3010,5.056666666666667,0
3011,5.679999999999999,0
3012,2.4566666666666674,0
3013,2.006666666666667,0
3014,0.6399999999999999,0
3015,2.2433333333333327,0
3016,4.463333333333334,0
3017,4.3,25
3018,5.5566666666666675,0
3019,2.55,0
3020,1.714814814814815,0
3021,0.974074074074074,0
3022,-0.19999999999999998,0
3023,2.5827586206896553,0
3024,4.086206896551724,0
3025,1.978571428571428,0
3026,5.393333333333332,0
3027,6.45,25
3028,2.6033333333333344,0
3029,2.9233333333333333,0
3030,2.15,0
3031,1.2966666666666673,0
3032,4.13793103448276,0
3033,2.9750000000000005,25
3034,5.750000000000001,0
3035,3.0533333333333332,0
3036,4.683333333333334,8
3037,2.75,8
3038,7.056666666666667,0
3039,0.61,0
3040,2.949999999999999,0
3041,4.3,0
3042,4.756666666666669,0
3043,3.6500000000000004,0
3044,2.146666666666667,0
3045,4.3933333333333335,0
3046,3.853333333333333,28
3047,5.3166666666666655,0
3048,1.31,0
3049,1.6533333333333333,0
3050,9.576666666666666,0
3051,9.556666666666668,0
3052,8.016666666666667,0
3053,8.71851851851852,0
3054,7.640000000000001,0
3055,8.783333333333331,0
3056,7.75,0
3057,8.45,0
3058,8.423333333333336,0
3059,8.416666666666666,0
3060,8.4,0
3061,8.619999999999997,0
3062,5.970000000000001,0
3063,9.663333333333334,0
3064,6.090000000000002,0
3065,6.306666666666666,0
3066,5.056666666666668,0
3067,10.059999999999999,0
3068,7.613333333333333,0
3069,8.500000000000002,0
3070,6.9866666666666655,0
3071,11.496666666666664,0
3072,8.746666666666666,0
3073,6.530000000000001,0
3074,10.479999999999997,0
3075,6.106666666666669,0
3076,11.129999999999999,0
3077,10.096666666666666,0
3078,10.02,0
3079,9.746666666666668,0
3080,8.803333333333333,0
3081,7.820000000000001,0
3082,8.583333333333332,0
3083,9.066666666666668,0
3084,7.163333333333333,0
3085,9.466666666666665,0
3086,5.336666666666669,0
3087,10.28,0
3088,8.979999999999997,0
3089,8.926666666666668,0
3090,8.319999999999999,0
3091,8.593333333333335,0
3092,6.883333333333334,0
3093,6.993333333333331,0
3094,7.4366666666666665,0
3095,8.040000000000001,0
3096,7.116666666666665,0
3097,7.489999999999999,0
3098,11.639999999999999,0
3099,7.75,0
3100,8.013333333333334,0
3101,6.883333333333335,0
3102,12.593333333333335,0
3103,9.386666666666668,0
3104,10.06333333333333,0
3105,8.83,0
3106,12.49,0
3107,12.303333333333335,0
3108,10.276666666666666,0
3109,11.476666666666665,0
3110,11.280000000000001,0
3111,11.359999999999998,0
3112,10.476666666666665,0
3113,10.356666666666666,0
3114,10.46,0
3115,10.376666666666663,0
3116,10.98666666666667,0
3117,9.083333333333334,0
3118,-6.2137931034482765,1219
3119,-7.066666666666667,1194
3120,-9.53,1372
3121,-9.090000000000002,711
3122,-9.4,1295
3123,-3.73103448275862,813
3124,-6.346666666666667,2007
3125,-6.162068965517244,940
3126,-6.15862068965517,660
3127,-3.7566666666666673,965
3128,-10.386206896551723,1524
3129,-3.8733333333333335,1499
3130,-10.376923076923077,965
3131,-5.233333333333333,1372
3132,-6.706666666666666,940
3133,-6.182142857142857,1321
3134,-5.036666666666665,1549
3135,-4.606896551724137,787
3136,-8.635714285714283,2032
3137,-7.092592592592592,559
3138,-3.5896551724137935,1422
3139,-5.060714285714285,1016
3140,0.16000000000000003,127
3141,-0.9333333333333332,51
3142,-3.4666666666666663,0
3143,-3.67,76
3144,-3.909999999999999,0
3145,1.6433333333333335,25
3146,0.7066666666666668,0
3147,0.14999999999999994,203
3148,1.15,25
3149,2.28,0
3150,-3.939999999999999,127
3151,1.5899999999999999,51
3152,-1.7533333333333334,25
3153,-1.25,25
3154,-0.6766666666666665,25
3155,0.8199999999999997,0
3156,-0.0103448275862068,25
3157,-0.42068965517241386,178
3158,1.8866666666666667,102
3159,-0.9566666666666664,76
3160,0.6777777777777774,0
3161,1.0499999999999998,25
3162,0.43333333333333335,203
3163,-0.9633333333333332,483
3164,-4.386666666666666,152
3165,-3.6866666666666665,152
3166,-3.3966666666666665,51
3167,-1.46,0
3168,-2.493333333333333,51
3169,-2.3,381
3170,-0.9999999999999999,229
3171,-3.7400000000000007,203
3172,-3.37,25
3173,-3.4931034482758623,0
3174,-1.6866666666666668,152
3175,-2.2533333333333334,127
3176,0.2166666666666666,229
3177,-1.1700000000000002,127
3178,-2.806666666666666,127
3179,-2.313333333333333,203
3180,-3.256666666666667,152
3181,3.9766666666666666,0
3182,2.0533333333333337,0
3183,1.4233333333333331,305
3184,1.37,76
3185,3.23,76
3186,-4.196666666666666,102
3187,-2.8233333333333333,76
3188,-1.3733333333333335,102
3189,-0.7633333333333335,0
3190,0.47666666666666646,0
3191,0.9535714285714284,0
3192,0.06000000000000068,203
3193,1.5866666666666664,0
3194,-0.6099999999999999,0
3195,-0.7551724137931036,0
3196,2.0266666666666664,152
3197,1.0366666666666664,229
3198,-0.9466666666666669,203
3199,-1.0733333333333335,25
3200,-3.6866666666666665,0
3201,-5.09,51
3202,-3.9300000000000006,51
3203,1.9266666666666665,0
3204,-0.8,25
3205,-0.29999999999999993,127
3206,0.14999999999999986,0
3207,0.8866666666666666,0
3208,-4.553333333333333,178
3209,1.753571428571428,51
3210,-1.4689655172413794,51
3211,-0.6266666666666666,25
3212,1.1214285714285712,0
3213,0.5166666666666668,0
3214,0.7866666666666666,97
3215,2.0482758620689654,127
3216,0.28666666666666657,0
3217,-1.63,0
3218,-1.2199999999999998,0
3219,2.8033333333333332,0
3220,0.49000000000000005,0
3221,2.823333333333333,102
3222,2.9851851851851854,51
3223,4.383333333333332,0
3224,-1.02,0
3225,3.889999999999999,25
3226,-0.52,25
3227,0.47000000000000036,0
3228,1.3766666666666671,0
3229,0.8933333333333334,0
3230,1.5833333333333328,0
3231,2.3344827586206898,102
3232,1.1066666666666667,76
3233,0.5600000000000005,0
3234,-2.9433333333333334,0
3235,-2.1566666666666667,0
3236,-1.783333333333333,127
3237,-7.746666666666667,0
3238,-1.6833333333333333,508
3239,-3.7566666666666673,102
3240,-2.9100000000000006,0
3241,-3.873333333333334,0
3242,-1.346666666666667,0
3243,-3.413333333333333,0
3244,-3.7266666666666666,76
3245,-2.2899999999999996,203
3246,-2.953333333333333,279
3247,0.58,102
3248,2.0758620689655176,152
3249,1.1964285714285718,0
3250,-1.3633333333333335,25
3251,-1.2448275862068967,102
3252,-1.1620689655172411,0
3253,4.614814814814815,0
3254,3.744444444444444,0
3255,5.351851851851852,0
3256,5.270370370370371,25
3257,-0.42413793103448283,0
3258,-4.127586206896551,102
3259,-4.746666666666666,0
3260,-5.079310344827586,0
3261,1.028571428571429,0
3262,-1.153333333333333,0
3263,3.230769230769231,152
3264,0.7533333333333332,0
3265,2.5857142857142863,0
3266,1.7233333333333334,0
3267,-1.3099999999999998,25
3268,-1.4137931034482756,51
3269,-0.49666666666666665,25
3270,-2.7966666666666664,0
3271,-2.0592592592592585,0
3272,-0.36666666666666664,76
3273,0.07000000000000023,0
3274,-3.873333333333334,25
3275,-4.550000000000001,25
3276,-4.346666666666667,51
3277,1.1833333333333333,0
3278,0.7533333333333334,10
3279,-0.03333333333333335,76
3280,0.5900000000000001,0
3281,0.6466666666666668,0
3282,-4.419999999999999,76
3283,0.6933333333333337,25
3284,-2.380000000000001,46
3285,-0.77,107
3286,-0.7300000000000001,0
3287,0.2400000000000003,0
3288,-0.7666666666666668,51
3289,-0.7200000000000001,152
3290,0.9799999999999998,183
3291,-1.1000000000000003,51
3292,-1.0800000000000007,0
3293,-1.453333333333333,0
3294,1.8833333333333329,51
3295,1.323333333333334,100
3296,-4.540000000000002,25
3297,-3.26,51
3298,-0.9699999999999996,25
3299,-4.363333333333333,457
3300,-4.723333333333333,102
3301,-5.306666666666667,203
3302,-1.7933333333333337,25
3303,-4.756666666666665,254
3304,-3.696666666666667,559
3305,-3.86,0
3306,0.6074074074074074,0
3307,-4.355172413793102,178
3308,-2.8699999999999997,330
3309,-0.95,127
3310,-2.4666666666666663,76
3311,-1.4466666666666668,51
3312,-3.0233333333333334,102
3313,-4.5,51
3314,-4.046666666666667,737
3315,-5.446666666666668,0
3316,-5.571428571428571,152
3317,-1.5633333333333332,0
3318,-1.8899999999999995,25
3319,-2.0766666666666667,178
3320,-2.853333333333334,152
3321,-3.973333333333334,152
3322,-3.176666666666667,406
3323,-5.026666666666666,25
3324,-3.0300000000000002,152
3325,-0.20000000000000007,0
3326,-4.650000000000001,203
3327,-3.1566666666666663,457
3328,-1.5166666666666666,127
3329,-2.31,76
3330,-1.9200000000000002,51
3331,-4.293333333333334,127
3332,-5.610344827586207,51
3333,-2.631034482758621,51
3334,-3.1799999999999993,127
3335,-5.3466666666666685,25
3336,-4.529999999999999,102
3337,-0.7037037037037036,0
3338,-1.6500000000000008,178
3339,-4.3724137931034495,229
3340,-3.272413793103449,0
3341,-0.7533333333333333,0
3342,-4.529999999999999,0
3343,-2.7399999999999998,0
3344,-1.6666666666666667,0
3345,-3.93,127
3346,-4.223333333333334,76
3347,-6.096666666666665,51
3348,-7.1333333333333355,76
3349,-3.616666666666667,229
3350,-2.0900000000000003,25
3351,-2.11,178
3352,-3.053846153846154,279
3353,-1.456666666666667,203
3354,-5.193333333333334,152
3355,-2.526666666666667,406
3356,-2.873333333333334,76
3357,-2.0733333333333333,330
3358,1.2766666666666666,3
3359,-3.2896551724137937,356
3360,-1.6900000000000004,381
3361,0.26,203
3362,-2.3833333333333333,0
3363,0.16333333333333347,76
3364,-3.668965517241379,102
3365,-4.83,25
3366,-2.0633333333333335,25
3367,-2.1499999999999995,152
3368,-2.6633333333333336,51
3369,-4.176666666666667,76
3370,-1.216666666666667,0
3371,-4.34,406
3372,-5.06551724137931,0
3373,2.3666666666666663,0
3374,2.2766666666666664,0
3375,4.483333333333333,0
3376,3.386666666666666,0
3377,4.38,0
3378,0.33666666666666634,0
3379,-0.5733333333333335,0
3380,2.410000000000001,0
3381,2.4733333333333336,25
3382,4.28,0
3383,-0.26999999999999985,0
3384,4.456666666666667,0
3385,2.0699999999999994,0
3386,5.113333333333335,0
3387,4.823333333333334,0
3388,4.613333333333333,0
3389,3.8066666666666675,0
3390,3.6100000000000003,0
3391,2.9466666666666677,0
3392,5.429999999999999,102
3393,3.2899999999999996,13
3394,2.2599999999999993,0
3395,4.8066666666666675,0
3396,3.8866666666666654,0
3397,2.369999999999999,0
3398,4.2,0
3399,2.0642857142857145,0
3400,1.8066666666666669,0
3401,4.75,127
3402,1.4799999999999998,0
3403,3.9233333333333333,0
3404,3.4200000000000004,0
3405,4.926666666666665,0
3406,4.22,3
3407,5.126666666666667,0
3408,1.1466666666666667,0
3409,0.8766666666666665,0
3410,2.943333333333334,0
3411,2.8900000000000006,0
3412,3.286666666666667,0
3413,5.053333333333334,0
3414,6.573333333333334,51
3415,3.8033333333333332,69
3416,5.5200000000000005,0
3417,1.776666666666667,0
3418,3.406666666666667,0
3419,3.016666666666666,8
3420,3.2366666666666664,0
3421,2.5700000000000003,0
3422,-1.61,0
3423,-0.2633333333333333,0
3424,4.543333333333334,0
3425,3.076666666666667,0
3426,1.11,0
3427,-1.9,0
3428,0.4033333333333335,0
3429,0.24000000000000005,0
3430,1.0999999999999994,25
3431,-0.99,0
3432,0.25666666666666677,0
3433,0.9233333333333333,0
3434,2.4666666666666655,5
3435,3.4866666666666672,0
3436,-0.020000000000000077,0
3437,1.3566666666666665,0
3438,-0.04333333333333338,0
3439,-1.6833333333333333,0
3440,1.1966666666666668,0
3441,-0.42999999999999994,51
3442,1.9033333333333338,0
3443,-3.013333333333333,0
3444,-1.5500000000000003,20
3445,1.106666666666667,0
3446,-0.4555555555555554,0
3447,0.5633333333333336,51
3448,-1.1961538461538461,13
3449,2.3933333333333318,3
3450,3.2100000000000004,0
3451,0.5500000000000003,0
3452,3.6433333333333326,0
3453,2.5466666666666664,0
3454,4.033333333333334,15
3455,2.676666666666667,94
3456,3.4066666666666667,0
3457,-0.5499999999999997,56
3458,4.69,0
3459,2.0133333333333328,0
3460,3.223333333333334,0
3461,1.876666666666666,0
3462,0.7333333333333327,0
3463,3.186666666666666,0
3464,1.8033333333333335,51
3465,3.913333333333333,0
3466,-1.04,0
3467,0.11999999999999963,0
3468,-2.3866666666666663,0
3469,-5.76896551724138,0
3470,-4.989999999999999,0
3471,-7.126666666666668,0
3472,-4.385714285714285,0
3473,-1.1724137931034475,0
3474,-2.1333333333333333,76
3475,-1.6857142857142862,0
3476,1.8448275862068966,0
3477,-3.518518518518518,0
3478,-1.653571428571429,0
3479,-0.9153846153846152,0
3480,-1.7103448275862072,0
3481,-1.1068965517241376,0
3482,-3.079310344827586,0
3483,0.4448275862068965,229
3484,-2.3466666666666662,25
3485,-1.4133333333333333,0
3486,-3.5166666666666666,279
3487,-3.92,178
3488,-0.8533333333333333,102
3489,-6.543333333333333,25
3490,-4.463333333333334,102
3491,-4.966666666666667,0
3492,-0.06666666666666664,0
3493,-6.093333333333333,102
3494,-5.163333333333333,51
3495,-3.866666666666667,76
3496,-0.8533333333333334,51
3497,-3.1033333333333335,635
3498,2.393333333333333,51
3499,-3.373333333333333,0
3500,-3.476666666666667,76
3501,-2.01,0
3502,-5.566666666666665,254
3503,-4.206666666666668,432
3504,-1.9433333333333331,203
3505,-4.63,381
3506,-4.263333333333334,0
3507,-5.8066666666666675,508
3508,-7.129999999999999,330
3509,-1.2827586206896553,0
3510,-7.629999999999999,0
3511,-2.7,0
3512,-0.4666666666666668,0
3513,-6.420000000000001,0
3514,-6.3,0
3515,-2.71,51
3516,0.00333333333333344,0
3517,1.1533333333333333,0
3518,2.963333333333333,0
3519,-2.77,0
3520,-1.8133333333333335,0
3521,0.8100000000000002,0
3522,-1.7033333333333334,102
3523,0.11333333333333358,0
3524,-1.7566666666666668,178
3525,-1.54,305
3526,2.1222222222222222,178
3527,-1.6533333333333333,203
3528,-0.8793103448275862,0
3529,-2.3068965517241384,203
3530,-4.02,254
3531,-0.8999999999999999,0
3532,-3.5466666666666664,0
3533,-9.213333333333335,0
3534,-3.6066666666666674,0
3535,-2.826666666666666,0
3536,-2.7533333333333343,127
3537,-0.4266666666666667,0
3538,-0.4633333333333335,25
3539,-2.4900000000000007,610
3540,1.880000000000001,0
3541,-3.3466666666666667,0
3542,-1.9600000000000002,0
3543,-0.37333333333333335,0
3544,-1.0233333333333332,127
3545,-0.6300000000000003,0
3546,-2.769230769230769,152
3547,-2.2666666666666666,457
3548,1.6833333333333331,178
3549,-1.6233333333333333,229
3550,-1.0933333333333333,0
3551,-3.103333333333333,356
3552,-3.4799999999999995,406
3553,-0.8166666666666664,76
3554,-5.316666666666667,25
3555,-1.2933333333333332,51
3556,-2.9999999999999996,25
3557,-0.5000000000000001,51
3558,-6.613333333333332,76
3559,-5.633333333333334,25
3560,-2.5366666666666666,76
3561,0.0733333333333331,0
3562,-0.7833333333333333,51
3563,-1.7800000000000002,381
3564,2.5433333333333326,51
3565,-3.329999999999999,0
3566,-1.5366666666666668,0
3567,0.12333333333333323,36
3568,-1.4000000000000001,102
3569,-0.5933333333333334,0
3570,-2.6399999999999997,127
3571,-1.5733333333333335,381
3572,0.43,127
3573,-1.7633333333333332,178
3574,-0.29666666666666663,0
3575,-1.7633333333333334,229
3576,-2.793333333333334,230
3577,-3.6733333333333333,51
3578,-6.750000000000001,0
3579,-7.003333333333333,51
3580,-9.463333333333333,0
3581,-7.426666666666666,0
3582,-5.463333333333335,0
3583,-7.673333333333333,0
3584,-7.953333333333335,30
3585,-4.17,76
3586,-2.9896551724137934,0
3587,-10.303333333333333,33
3588,-4.823333333333333,0
3589,-5.993333333333336,0
3590,-7.4399999999999995,51
3591,-6.3566666666666665,25
3592,-4.799999999999999,0
3593,-4.513333333333334,0
3594,-2.243333333333333,0
3595,-4.046666666666668,76
3596,-3.236666666666667,51
3597,-2.4999999999999996,0
3598,-3.513333333333334,76
3599,-5.503333333333333,0
3600,-4.853333333333334,25
3601,-2.53,51
3602,-4.253333333333334,0
3603,-2.9466666666666663,25
3604,-5.5200000000000005,0
3605,-5.6866666666666665,25
3606,-7.576666666666666,25
3607,-4.916666666666667,0
3608,-2.9466666666666668,0
3609,-5.333333333333334,3
3610,-6.106666666666667,51
3611,-1.4866666666666666,152
3612,-1.3299999999999998,0
3613,-8.740000000000002,76
3614,-3.376666666666667,0
3615,-4.053333333333333,0
3616,-4.409999999999999,0
3617,-4.0166666666666675,0
3618,-2.2033333333333336,0
3619,-4.286666666666667,102
3620,-3.6700000000000004,25
3621,-2.6633333333333336,0
3622,-3.5233333333333334,76
3623,-5.483333333333333,0
3624,-4.8199999999999985,51
3625,-2.8866666666666663,76
3626,-4.236666666666666,0
